Workbook

Sheet 先知圣殿召唤类型
A1: 召唤类型 | B1: 名称（备注） | C1: 召唤花费 | D1: 分组配置 | E1: 额外奖励 | F1: 幸运召唤触发次数 | G1: 幸运分组
A2: 1 | B2: Người | C2: 3:100025:1 | D2: 15:3000#14:7000 | E2: 0:7:1#3:100024:30#0:8:1 | F2: 300 | G2: 155
A3: 2 | B3: Tiên | C3: 3:100025:1 | D3: 25:3000#24:7000 | E3: 0:7:1#3:100024:30#0:8:1 | F3: 300 | G3: 255
A4: 3 | B4: Yêu | C4: 3:100025:1 | D4: 35:3000#34:7000 | E4: 0:7:1#3:100024:30#0:8:1 | F4: 300 | G4: 355
A5: 4 | B5: Thần Ma | C5: 3:100025:1 | D5: 45:2500#44:7500 | E5: 0:7:1#3:100024:30#0:8:1 | F5: 300 | G5: 455

Sheet 先知圣殿召唤分组
A1: ID | B1: 奖励内容 | C1: 分组 | D1: 权重 | E1: 碎片类型 | F1: 是否5星整卡 | I1: 对照 | J1: 对照2 | K1: 阵营 | L1: 展示权重
A2: 1 | B2: 4:606003:30 | C2: 14 | D2: 2000 | E2: 1 | F2: 0 | G2: 606003 | H2: =VLOOKUP(G2,[1]基础物品!$A:$B,2,0) -> 4星人族碎片 | I2: =VLOOKUP(H2,[2]英雄召唤星组!$F:$I,3,0) -> #N/A | J2: 4 | K2: =VLOOKUP(H2,[3]英雄基础!$E:$F,2,0) -> #N/A | L2: 2000
A3: 2 | B3: 4:601013:30 | C3: 14 | D3: 2000 | E3: 0 | F3: 0 | G3: 601013 | H3: =VLOOKUP(G3,[1]基础物品!$A:$B,2,0) -> 申公豹 | I3: =VLOOKUP(H3,[2]英雄召唤星组!$F:$I,3,0) -> 75 | J3: =VLOOKUP(H3,[2]英雄召唤星组!$F:$G,2,0) -> 甘道夫 | K3: =VLOOKUP(H3,[3]英雄基础!$E:$F,2,0) -> #N/A | L3: 2000
A4: 3 | B4: 4:601009:30 | C4: 14 | D4: 2000 | E4: 0 | F4: 0 | G4: 601009 | H4: =VLOOKUP(G4,[1]基础物品!$A:$B,2,0) -> 黄飞虎 | I4: =VLOOKUP(H4,[2]英雄召唤星组!$F:$I,3,0) -> 75 | J4: =VLOOKUP(H4,[2]英雄召唤星组!$F:$G,2,0) -> 圣锤提尔 | K4: =VLOOKUP(H4,[3]英雄基础!$E:$F,2,0) -> #N/A | L4: 2000
A5: 4 | B5: 4:601011:30 | C5: 14 | D5: 2000 | E5: 0 | F5: 0 | G5: 601011 | H5: =VLOOKUP(G5,[1]基础物品!$A:$B,2,0) -> 采臣 | I5: =VLOOKUP(H5,[2]英雄召唤星组!$F:$I,3,0) -> 75 | J5: =VLOOKUP(H5,[2]英雄召唤星组!$F:$G,2,0) -> 吟游诗人 | K5: =VLOOKUP(H5,[3]英雄基础!$E:$F,2,0) -> #N/A | L5: 2000
A6: 5 | B6: 4:601012:30 | C6: 14 | D6: 2000 | E6: 0 | F6: 0 | G6: 601012 | H6: =VLOOKUP(G6,[1]基础物品!$A:$B,2,0) -> 纣王 | I6: =VLOOKUP(H6,[2]英雄召唤星组!$F:$I,3,0) -> 75 | J6: =VLOOKUP(H6,[2]英雄召唤星组!$F:$G,2,0) -> 亡灵收割者 | K6: =VLOOKUP(H6,[3]英雄基础!$E:$F,2,0) -> #N/A | L6: 2000
A7: 6 | B7: 4:606008:15 | C7: 15 | D7: 1500 | E7: 1 | F7: 0 | G7: 606008 | H7: =VLOOKUP(G7,[1]基础物品!$A:$B,2,0) -> 5星人族碎片 | I7: =VLOOKUP(H7,[2]英雄召唤星组!$F:$I,3,0) -> #N/A | J7: =VLOOKUP(H7,[2]英雄召唤星组!$F:$G,2,0) -> #N/A | K7: =VLOOKUP(H7,[3]英雄基础!$E:$F,2,0) -> #N/A | L7: 1500
A8: 7 | B8: 4:606008:20 | C8: 15 | D8: 1000 | E8: 1 | F8: 0 | G8: 606008 | H8: =VLOOKUP(G8,[1]基础物品!$A:$B,2,0) -> 5星人族碎片 | I8: =VLOOKUP(H8,[2]英雄召唤星组!$F:$I,3,0) -> #N/A | J8: =VLOOKUP(H8,[2]英雄召唤星组!$F:$G,2,0) -> #N/A | K8: =VLOOKUP(H8,[3]英雄基础!$E:$F,2,0) -> #N/A | L8: 1000
A9: 8 | B9: 4:606008:25 | C9: 15 | D9: 500 | E9: 1 | F9: 0 | G9: 606008 | H9: =VLOOKUP(G9,[1]基础物品!$A:$B,2,0) -> 5星人族碎片 | I9: =VLOOKUP(H9,[2]英雄召唤星组!$F:$I,3,0) -> #N/A | J9: =VLOOKUP(H9,[2]英雄召唤星组!$F:$G,2,0) -> #N/A | K9: =VLOOKUP(H9,[3]英雄基础!$E:$F,2,0) -> #N/A | L9: 500
A10: 9 | B10: 4:601015:50 | C10: 15 | D10: 593 | E10: 0 | F10: 1 | G10: 601015 | H10: =VLOOKUP(G10,[1]基础物品!$A:$B,2,0) -> 邓婵玉 | I10: =VLOOKUP(H10,[2]英雄召唤星组!$F:$I,3,0) -> 14 | J10: =VLOOKUP(H10,[2]英雄召唤星组!$F:$G,2,0) -> 凯兰崔尔 | K10: =VLOOKUP(H10,[3]英雄基础!$E:$F,2,0) -> #N/A | L10: 786
A11: 10 | B11: 4:601022:50 | C11: 15 | D11: 593 | E11: 0 | F11: 1 | G11: 601022 | H11: =VLOOKUP(G11,[1]基础物品!$A:$B,2,0) -> 雷震子 | I11: =VLOOKUP(H11,[2]英雄召唤星组!$F:$I,3,0) -> 15 | J11: =VLOOKUP(H11,[2]英雄召唤星组!$F:$G,2,0) -> 美杜莎 | K11: =VLOOKUP(H11,[3]英雄基础!$E:$F,2,0) -> #N/A | L11: 400
A12: 11 | B12: 4:601014:50 | C12: 15 | D12: 400 | E12: 0 | F12: 1 | G12: 601014 | H12: =VLOOKUP(G12,[1]基础物品!$A:$B,2,0) -> 李靖 | I12: =VLOOKUP(H12,[2]英雄召唤星组!$F:$I,3,0) -> 5 | J12: =VLOOKUP(H12,[2]英雄召唤星组!$F:$G,2,0) -> 奥丁 | K12: =VLOOKUP(H12,[3]英雄基础!$E:$F,2,0) -> #N/A | L12: 300
A13: 12 | B13: 4:601016:50 | C13: 15 | D13: 70 | E13: 0 | F13: 1 | G13: 601016 | H13: =VLOOKUP(G13,[1]基础物品!$A:$B,2,0) -> 嫦娥 | I13: =VLOOKUP(H13,[2]英雄召唤星组!$F:$I,3,0) -> 2 | J13: =VLOOKUP(H13,[2]英雄召唤星组!$F:$G,2,0) -> 潘 | K13: =VLOOKUP(H13,[3]英雄基础!$E:$F,2,0) -> #N/A | L13: 300
A14: 13 | B14: 4:601018:50 | C14: 15 | D14: 450 | E14: 0 | F14: 1 | G14: 601018 | H14: =VLOOKUP(G14,[1]基础物品!$A:$B,2,0) -> 姬发 | I14: =VLOOKUP(H14,[2]英雄召唤星组!$F:$I,3,0) -> 5 | J14: =VLOOKUP(H14,[2]英雄召唤星组!$F:$G,2,0) -> 魅魔女王 | K14: =VLOOKUP(H14,[3]英雄基础!$E:$F,2,0) -> #N/A | L14: 400
... A33: 32 | B33: 4:602015:50 | C33: 25 | D33: 317 | E33: 0 | F33: 1 | G33: 602015 | H33: =VLOOKUP(G33,[1]基础物品!$A:$B,2,0) -> 卷帘大将 | I33: =VLOOKUP(H33,[2]英雄召唤星组!$F:$I,3,0) -> 6 | J33: =VLOOKUP(H33,[2]英雄召唤星组!$F:$G,2,0) -> 泰坦 | K33: =VLOOKUP(H33,[3]英雄基础!$E:$F,2,0) -> #N/A | L33: 348
A34: 33 | B34: 4:602024:50 | C34: 25 | D34: 250 | E34: 0 | F34: 1 | G34: 602024 | H34: =VLOOKUP(G34,[4]基础物品!$A:$B,2,0) -> 玄奘 | I34: =VLOOKUP(H34,[2]英雄召唤星组!$F:$I,3,0) -> 6 | J34: =VLOOKUP(H34,[2]英雄召唤星组!$F:$G,2,0) -> 利维坦 | K34: =VLOOKUP(H34,[3]英雄基础!$E:$F,2,0) -> #N/A | L34: 160
A35: 34 | B35: 4:602025:50 | C35: 25 | D35: 250 | E35: 0 | F35: 1 | G35: 602025 | H35: =VLOOKUP(G35,[4]基础物品!$A:$B,2,0) -> 白龙 | I35: =VLOOKUP(H35,[2]英雄召唤星组!$F:$I,3,0) -> 6 | J35: =VLOOKUP(H35,[2]英雄召唤星组!$F:$G,2,0) -> 原创英雄 | K35: =VLOOKUP(H35,[3]英雄基础!$E:$F,2,0) -> #N/A | L35: 160
A36: 35 | B36: 4:606005:30 | C36: 34 | D36: 2000 | E36: 1 | F36: 0 | G36: 606005 | H36: =VLOOKUP(G36,[1]基础物品!$A:$B,2,0) -> 4星妖族碎片 | I36: =VLOOKUP(H36,[2]英雄召唤星组!$F:$I,3,0) -> #N/A | J36: =VLOOKUP(H36,[2]英雄召唤星组!$F:$G,2,0) -> #N/A | K36: =VLOOKUP(H36,[3]英雄基础!$E:$F,2,0) -> #N/A | L36: 2000
A37: 36 | B37: 4:603010:30 | C37: 34 | D37: 2000 | E37: 0 | F37: 0 | G37: 603010 | H37: =VLOOKUP(G37,[1]基础物品!$A:$B,2,0) -> 鬼将 | I37: =VLOOKUP(H37,[2]英雄召唤星组!$F:$I,3,0) -> 75 | J37: =VLOOKUP(H37,[2]英雄召唤星组!$F:$G,2,0) -> 阿伽门农 | K37: =VLOOKUP(H37,[3]英雄基础!$E:$F,2,0) -> #N/A | L37: 2000
A38: 37 | B38: 4:603012:30 | C38: 34 | D38: 2000 | E38: 0 | F38: 0 | G38: 603012 | H38: =VLOOKUP(G38,[1]基础物品!$A:$B,2,0) -> 盘丝 | I38: =VLOOKUP(H38,[2]英雄召唤星组!$F:$I,3,0) -> 75 | J38: =VLOOKUP(H38,[2]英雄召唤星组!$F:$G,2,0) -> 凯瑟琳 | K38: =VLOOKUP(H38,[3]英雄基础!$E:$F,2,0) -> #N/A | L38: 2000
A39: 38 | B39: 4:606010:15 | C39: 35 | D39: 1500 | E39: 1 | F39: 0 | G39: 606010 | H39: =VLOOKUP(G39,[1]基础物品!$A:$B,2,0) -> 5星妖族碎片 | I39: =VLOOKUP(H39,[2]英雄召唤星组!$F:$I,3,0) -> #N/A | J39: =VLOOKUP(H39,[2]英雄召唤星组!$F:$G,2,0) -> #N/A | K39: =VLOOKUP(H39,[3]英雄基础!$E:$F,2,0) -> #N/A | L39: 1500
A40: 39 | B40: 4:606010:20 | C40: 35 | D40: 1000 | E40: 1 | F40: 0 | G40: 606010 | H40: =VLOOKUP(G40,[1]基础物品!$A:$B,2,0) -> 5星妖族碎片 | I40: =VLOOKUP(H40,[2]英雄召唤星组!$F:$I,3,0) -> #N/A | J40: =VLOOKUP(H40,[2]英雄召唤星组!$F:$G,2,0) -> #N/A | K40: =VLOOKUP(H40,[3]英雄基础!$E:$F,2,0) -> #N/A | L40: 1000
A41: 40 | B41: 4:606010:25 | C41: 35 | D41: 500 | E41: 1 | F41: 0 | G41: 606010 | H41: =VLOOKUP(G41,[1]基础物品!$A:$B,2,0) -> 5星妖族碎片 | I41: =VLOOKUP(H41,[2]英雄召唤星组!$F:$I,3,0) -> #N/A | J41: =VLOOKUP(H41,[2]英雄召唤星组!$F:$G,2,0) -> #N/A | K41: =VLOOKUP(H41,[3]英雄基础!$E:$F,2,0) -> #N/A | L41: 500
A42: 41 | B42: 4:603019:50 | C42: 35 | D42: 813 | E42: 0 | F42: 1 | G42: 603019 | H42: =VLOOKUP(G42,[1]基础物品!$A:$B,2,0) -> 金乌 | I42: =VLOOKUP(H42,[2]英雄召唤星组!$F:$I,3,0) -> 14 | J42: =VLOOKUP(H42,[2]英雄召唤星组!$F:$G,2,0) -> 吸血伯爵 | K42: =VLOOKUP(H42,[3]英雄基础!$E:$F,2,0) -> #N/A | L42: 833
A43: 42 | B43: 4:603018:50 | C43: 35 | D43: 813 | E43: 0 | F43: 1 | G43: 603018 | H43: =VLOOKUP(G43,[1]基础物品!$A:$B,2,0) -> 擎苍 | I43: =VLOOKUP(H43,[2]英雄召唤星组!$F:$I,3,0) -> 14 | J43: =VLOOKUP(H43,[2]英雄召唤星组!$F:$G,2,0) -> 剑豪卡赞 | K43: =VLOOKUP(H43,[3]英雄基础!$E:$F,2,0) -> #N/A | L43: 833
A44: 43 | B44: 4:603014:50 | C44: 35 | D44: 200 | E44: 0 | F44: 1 | G44: 603014 | H44: =VLOOKUP(G44,[1]基础物品!$A:$B,2,0) -> 红孩儿 | I44: =VLOOKUP(H44,[2]英雄召唤星组!$F:$I,3,0) -> 6 | J44: =VLOOKUP(H44,[2]英雄召唤星组!$F:$G,2,0) -> 菲尼克斯 | K44: =VLOOKUP(H44,[3]英雄基础!$E:$F,2,0) -> #N/A | L44: 249
A45: 44 | B45: 4:603021:50 | C45: 35 | D45: 80 | E45: 0 | F45: 1 | G45: 603021 | H45: =VLOOKUP(G45,[1]基础物品!$A:$B,2,0) -> 白骨夫人 | I45: =VLOOKUP(H45,[2]英雄召唤星组!$F:$I,3,0) -> 14 | J45: =VLOOKUP(H45,[2]英雄召唤星组!$F:$G,2,0) -> 炎魔之王 | K45: =VLOOKUP(H45,[3]英雄基础!$E:$F,2,0) -> #N/A | L45: 287
A46: 45 | B46: 4:603022:50 | C46: 35 | D46: 215 | E46: 0 | F46: 1 | G46: 603022 | H46: =VLOOKUP(G46,[1]基础物品!$A:$B,2,0) -> 妲己 | I46: =VLOOKUP(H46,[2]英雄召唤星组!$F:$I,3,0) -> 6 | J46: =VLOOKUP(H46,[2]英雄召唤星组!$F:$G,2,0) -> 阿波罗 | K46: =VLOOKUP(H46,[3]英雄基础!$E:$F,2,0) -> #N/A | L46: 287
A47: 46 | B47: 4:603015:50 | C47: 35 | D47: 215 | E47: 0 | F47: 1 | G47: 603015 | H47: =VLOOKUP(G47,[1]基础物品!$A:$B,2,0) -> 石矶 | I47: =VLOOKUP(H47,[2]英雄召唤星组!$F:$I,3,0) -> 6 | J47: =VLOOKUP(H47,[2]英雄召唤星组!$F:$G,2,0) -> 普罗米修斯 | K47: =VLOOKUP(H47,[3]英雄基础!$E:$F,2,0) -> #N/A | L47: 140
... A50: 49 | B50: 4:603017:50 | C50: 35 | D50: 500 | E50: 0 | F50: 1 | G50: 603017 | H50: =VLOOKUP(G50,[1]基础物品!$A:$B,2,0) -> 牛魔王 | I50: =VLOOKUP(H50,[2]英雄召唤星组!$F:$I,3,0) -> 14 | J50: =VLOOKUP(H50,[2]英雄召唤星组!$F:$G,2,0) -> 炽天使 | K50: =VLOOKUP(H50,[3]英雄基础!$E:$F,2,0) -> #N/A | L50: 287
A51: 50 | B51: 4:603023:50 | C51: 35 | D51: 60 | E51: 0 | F51: 1 | G51: 603023 | H51: 孔宣 | I51: =VLOOKUP(H51,[2]英雄召唤星组!$F:$I,3,0) -> 1 | J51: =VLOOKUP(H51,[2]英雄召唤星组!$F:$G,2,0) -> 阿波罗 | K51: =VLOOKUP(H51,[3]英雄基础!$E:$F,2,0) -> #N/A | L51: 100
A52: 51 | B52: 4:603024:50 | C52: 35 | D52: 20 | E52: 0 | F52: 1 | G52: 603024 | H52: 曼珠 | I52: 1 | J52: =VLOOKUP(H52,[2]英雄召唤星组!$F:$G,2,0) -> 原创英雄 | K52: =VLOOKUP(H52,[3]英雄基础!$E:$F,2,0) -> #N/A | L52: 41
A53: 52 | B53: 4:606006:15 | C53: 44 | D53: 2660 | E53: 1 | F53: 0 | G53: 606006 | H53: =VLOOKUP(G53,[1]基础物品!$A:$B,2,0) -> 4星神族碎片 | I53: =VLOOKUP(H53,[2]英雄召唤星组!$F:$I,3,0) -> #N/A | J53: =VLOOKUP(H53,[2]英雄召唤星组!$F:$G,2,0) -> #N/A | K53: =VLOOKUP(H53,[3]英雄基础!$E:$F,2,0) -> #N/A | L53: 2660
A54: 53 | B54: 4:606006:30 | C54: 44 | D54: 2660 | E54: 1 | F54: 0 | G54: 606006 | H54: =VLOOKUP(G54,[1]基础物品!$A:$B,2,0) -> 4星神族碎片 | I54: =VLOOKUP(H54,[2]英雄召唤星组!$F:$I,3,0) -> #N/A | J54: =VLOOKUP(H54,[2]英雄召唤星组!$F:$G,2,0) -> #N/A | K54: =VLOOKUP(H54,[3]英雄基础!$E:$F,2,0) -> #N/A | L54: 2660
A55: 54 | B55: 4:606007:15 | C55: 44 | D55: 2660 | E55: 1 | F55: 0 | G55: 606007 | H55: =VLOOKUP(G55,[1]基础物品!$A:$B,2,0) -> 4星魔族碎片 | I55: =VLOOKUP(H55,[2]英雄召唤星组!$F:$I,3,0) -> #N/A | J55: =VLOOKUP(H55,[2]英雄召唤星组!$F:$G,2,0) -> #N/A | K55: =VLOOKUP(H55,[3]英雄基础!$E:$F,2,0) -> #N/A | L55: 2660
A56: 55 | B56: 4:606007:30 | C56: 44 | D56: 2660 | E56: 1 | F56: 0 | G56: 606007 | H56: =VLOOKUP(G56,[1]基础物品!$A:$B,2,0) -> 4星魔族碎片 | I56: =VLOOKUP(H56,[2]英雄召唤星组!$F:$I,3,0) -> #N/A | J56: =VLOOKUP(H56,[2]英雄召唤星组!$F:$G,2,0) -> #N/A | K56: =VLOOKUP(H56,[3]英雄基础!$E:$F,2,0) -> #N/A | L56: 2660
A57: 56 | B57: 4:604003:30 | C57: 44 | D57: 585 | E57: 0 | F57: 0 | G57: 604003 | H57: =VLOOKUP(G57,[1]基础物品!$A:$B,2,0) -> 女魃 | I57: =VLOOKUP(H57,[2]英雄召唤星组!$F:$I,3,0) -> 25 | J57: =VLOOKUP(H57,[2]英雄召唤星组!$F:$G,2,0) -> 月之祭祀 | K57: =VLOOKUP(H57,[3]英雄基础!$E:$F,2,0) -> #N/A | L57: 585
A58: 57 | B58: 4:604004:30 | C58: 44 | D58: 585 | E58: 0 | F58: 0 | G58: 604004 | H58: =VLOOKUP(G58,[1]基础物品!$A:$B,2,0) -> 监兵 | I58: =VLOOKUP(H58,[2]英雄召唤星组!$F:$I,3,0) -> 25 | J58: =VLOOKUP(H58,[2]英雄召唤星组!$F:$G,2,0) -> 精灵王子 | K58: =VLOOKUP(H58,[3]英雄基础!$E:$F,2,0) -> #N/A | L58: 585
A59: 58 | B59: 4:604005:30 | C59: 44 | D59: 585 | E59: 0 | F59: 0 | G59: 604005 | H59: =VLOOKUP(G59,[1]基础物品!$A:$B,2,0) -> 洛神 | I59: =VLOOKUP(H59,[2]英雄召唤星组!$F:$I,3,0) -> 25 | J59: =VLOOKUP(H59,[2]英雄召唤星组!$F:$G,2,0) -> 丘比特 | K59: =VLOOKUP(H59,[3]英雄基础!$E:$F,2,0) -> #N/A | L59: 585
A60: 59 | B60: 4:605003:30 | C60: 44 | D60: 585 | E60: 0 | F60: 0 | G60: 605003 | H60: =VLOOKUP(G60,[1]基础物品!$A:$B,2,0) -> 破军 | I60: =VLOOKUP(H60,[2]英雄召唤星组!$F:$I,3,0) -> 25 | J60: =VLOOKUP(H60,[2]英雄召唤星组!$F:$G,2,0) -> 阿克琉斯 | K60: =VLOOKUP(H60,[3]英雄基础!$E:$F,2,0) -> #N/A | L60: 585
A61: 60 | B61: 4:605004:30 | C61: 44 | D61: 585 | E61: 0 | F61: 0 | G61: 605004 | H61: =VLOOKUP(G61,[1]基础物品!$A:$B,2,0) -> 黑无常 | I61: =VLOOKUP(H61,[2]英雄召唤星组!$F:$I,3,0) -> 25 | J61: =VLOOKUP(H61,[2]英雄召唤星组!$F:$G,2,0) -> 毒咒女巫 | K61: =VLOOKUP(H61,[3]英雄基础!$E:$F,2,0) -> #N/A | L61: 585
A62: 61 | B62: 4:605005:30 | C62: 44 | D62: 585 | E62: 0 | F62: 0 | G62: 605005 | H62: =VLOOKUP(G62,[1]基础物品!$A:$B,2,0) -> 白无常 | I62: =VLOOKUP(H62,[2]英雄召唤星组!$F:$I,3,0) -> 25 | J62: =VLOOKUP(H62,[2]英雄召唤星组!$F:$G,2,0) -> 黑精灵秘言 | K62: =VLOOKUP(H62,[3]英雄基础!$E:$F,2,0) -> #N/A | L62: 585
A63: 62 | B63: 4:606011:15 | C63: 45 | D63: 2000 | E63: 1 | F63: 0 | G63: 606011 | H63: =VLOOKUP(G63,[1]基础物品!$A:$B,2,0) -> 5星神族碎片 | I63: =VLOOKUP(H63,[2]英雄召唤星组!$F:$I,3,0) -> #N/A | J63: =VLOOKUP(H63,[2]英雄召唤星组!$F:$G,2,0) -> #N/A | K63: =VLOOKUP(H63,[3]英雄基础!$E:$F,2,0) -> #N/A | L63: 2000
A64: 63 | B64: 4:606012:15 | C64: 45 | D64: 2000 | E64: 1 | F64: 0 | G64: 606012 | H64: =VLOOKUP(G64,[1]基础物品!$A:$B,2,0) -> 5星魔族碎片 | I64: =VLOOKUP(H64,[2]英雄召唤星组!$F:$I,3,0) -> #N/A | J64: =VLOOKUP(H64,[2]英雄召唤星组!$F:$G,2,0) -> #N/A | K64: =VLOOKUP(H64,[3]英雄基础!$E:$F,2,0) -> #N/A | L64: 2000
... A70: 69 | B70: 4:605007:50 | C70: 45 | D70: 40 | E70: 0 | F70: 1 | G70: 605007 | H70: =VLOOKUP(G70,[1]基础物品!$A:$B,2,0) -> 孟婆 | I70: =VLOOKUP(H70,[2]英雄召唤星组!$F:$I,3,0) -> 1 | J70: =VLOOKUP(H70,[2]英雄召唤星组!$F:$G,2,0) -> 潘多拉 | K70: =VLOOKUP(H70,[3]英雄基础!$E:$F,2,0) -> #N/A | L70: 40
A71: 70 | B71: 4:604012:50 | C71: 45 | D71: 40 | E71: 0 | F71: 1 | G71: 604012 | H71: 共工 | I71: 赫拉 | J71: 5 | K71: =VLOOKUP(H71,[3]英雄基础!$E:$F,2,0) -> #N/A | L71: 140
A72: 71 | B72: 4:604013:50 | C72: 45 | D72: 40 | E72: 0 | F72: 1 | G72: 604013 | H72: 祝融 | I72: 宙斯 | J72: 5 | K72: =VLOOKUP(H72,[3]英雄基础!$E:$F,2,0) -> #N/A | L72: 40
A73: 72 | B73: 4:604007:50 | C73: 45 | D73: 20 | E73: 0 | F73: 1 | G73: 604007 | H73: 神农 | I73: 拉斐尔 | J73: 5 | K73: =VLOOKUP(H73,[3]英雄基础!$E:$F,2,0) -> #N/A | L73: 40
A74: 73 | B74: 4:604006:50 | C74: 45 | D74: 60 | E74: 0 | F74: 1 | G74: 604006 | H74: =VLOOKUP(G74,[1]基础物品!$A:$B,2,0) -> 盘古 | I74: =VLOOKUP(H74,[2]英雄召唤星组!$F:$I,3,0) -> 1 | J74: =VLOOKUP(H74,[2]英雄召唤星组!$F:$G,2,0) -> 盖亚 | K74: =VLOOKUP(H74,[3]英雄基础!$E:$F,2,0) -> #N/A | L74: 40
A75: 74 | B75: 4:604009:50 | C75: 45 | D75: 40 | E75: 0 | F75: 1 | G75: 604009 | H75: =VLOOKUP(G75,[1]基础物品!$A:$B,2,0) -> 鲲 | I75: =VLOOKUP(H75,[2]英雄召唤星组!$F:$I,3,0) -> 1 | J75: =VLOOKUP(H75,[2]英雄召唤星组!$F:$G,2,0) -> 神灵大祭司 | K75: =VLOOKUP(H75,[3]英雄基础!$E:$F,2,0) -> #N/A | L75: 40
A76: 75 | B76: 4:605009:50 | C76: 45 | D76: 20 | E76: 0 | F76: 1 | G76: 605009 | H76: =VLOOKUP(G76,[1]基础物品!$A:$B,2,0) -> 魔·悟空 | I76: =VLOOKUP(H76,[2]英雄召唤星组!$F:$I,3,0) -> 1 | J76: =VLOOKUP(H76,[2]英雄召唤星组!$F:$G,2,0) -> 哈迪斯 | K76: =VLOOKUP(H76,[3]英雄基础!$E:$F,2,0) -> #N/A | L76: 40
A77: 76 | B77: 4:602023:50 | C77: 45 | D77: 20 | E77: 0 | F77: 1 | G77: 602023 | H77: =VLOOKUP(G77,[1]基础物品!$A:$B,2,0) -> 九天玄女 | I77: =VLOOKUP(H77,[2]英雄召唤星组!$F:$I,3,0) -> 1 | J77: =VLOOKUP(H77,[2]英雄召唤星组!$F:$G,2,0) -> 维纳斯 | K77: =VLOOKUP(H77,[3]英雄基础!$E:$F,2,0) -> #N/A | L77: 40
A78: 77 | B78: 4:605008:50 | C78: 45 | D78: 40 | E78: 0 | F78: 1 | G78: 605008 | H78: =VLOOKUP(G78,[1]基础物品!$A:$B,2,0) -> 刑天 | I78: =VLOOKUP(H78,[2]英雄召唤星组!$F:$I,3,0) -> 1 | J78: =VLOOKUP(H78,[2]英雄召唤星组!$F:$G,2,0) -> 黑暗之主 | K78: =VLOOKUP(H78,[3]英雄基础!$E:$F,2,0) -> #N/A | L78: 40
A79: 78 | B79: 4:605013:50 | C79: 45 | D79: 20 | E79: 0 | F79: 1 | G79: 605013 | H79: 烛龙 | I79: =VLOOKUP(H79,[2]英雄召唤星组!$F:$I,3,0) -> 1 | J79: =VLOOKUP(H79,[2]英雄召唤星组!$F:$G,2,0) -> 黑龙 | K79: =VLOOKUP(H79,[3]英雄基础!$E:$F,2,0) -> #N/A | L79: 40
A80: 79 | B80: 4:605014:50 | C80: 45 | D80: 20 | E80: 0 | F80: 1 | G80: 605014 | H80: 夜魅 | I80: =VLOOKUP(H80,[2]英雄召唤星组!$F:$I,3,0) -> 1 | J80: =VLOOKUP(H80,[2]英雄召唤星组!$F:$G,2,0) -> 阿蒙 | K80: =VLOOKUP(H80,[3]英雄基础!$E:$F,2,0) -> #N/A | L80: 40
A81: 80 | B81: 4:605015:50 | C81: 45 | D81: 20 | E81: 0 | F81: 1 | G81: 605015 | H81: 灵媒魔女 | I81: =VLOOKUP(H81,[2]英雄召唤星组!$F:$I,3,0) -> 1 | J81: =VLOOKUP(H81,[2]英雄召唤星组!$F:$G,2,0) -> 乌列 | K81: =VLOOKUP(H81,[3]英雄基础!$E:$F,2,0) -> #N/A | L81: 40
A82: 81 | B82: 4:605016:50 | C82: 45 | D82: 20 | E82: 0 | F82: 1 | G82: 605016 | H82: 冥河 | I82: =VLOOKUP(H82,[2]英雄召唤星组!$F:$I,3,0) -> 1 | J82: =VLOOKUP(H82,[2]英雄召唤星组!$F:$G,2,0) -> 0 | K82: =VLOOKUP(H82,[3]英雄基础!$E:$F,2,0) -> #N/A | L82: 40
A83: 82 | B83: 4:604015:50 | C83: 45 | D83: 20 | E83: 0 | F83: 1 | G83: 604015 | H83: 杨戬 | I83: =VLOOKUP(H83,[2]英雄召唤星组!$F:$I,3,0) -> 1 | J83: =VLOOKUP(H83,[2]英雄召唤星组!$F:$G,2,0) -> 0 | K83: =VLOOKUP(H83,[3]英雄基础!$E:$F,2,0) -> #N/A | L83: 40
A84: 83 | B84: 4:604016:50 | C84: 45 | D84: 40 | E84: 0 | F84: 1 | G84: 604016 | H84: 妈祖 | I84: 1 | J84: =VLOOKUP(H84,[2]英雄召唤星组!$F:$G,2,0) -> 0 | K84: =VLOOKUP(H84,[3]英雄基础!$E:$F,2,0) -> #N/A | L84: 40
A85: 84 | B85: 4:604017:50 | C85: 45 | D85: 40 | E85: 0 | F85: 1 | G85: 604017 | H85: 三圣母 | I85: 1 | J85: =VLOOKUP(H85,[2]英雄召唤星组!$F:$G,2,0) -> 0 | K85: =VLOOKUP(H85,[3]英雄基础!$E:$F,2,0) -> #N/A | L85: 40
A86: 85 | B86: 4:605017:50 | C86: 45 | D86: 40 | E86: 0 | F86: 1 | G86: 605017 | H86: 无天 | I86: 1 | J86: =VLOOKUP(H86,[2]英雄召唤星组!$F:$G,2,0) -> 0 | K86: =VLOOKUP(H86,[3]英雄基础!$E:$F,2,0) -> #N/A | L86: 40
A87: 86 | B87: 4:604019:50 | C87: 45 | D87: 20 | E87: 0 | F87: 1 | G87: 604019 | H87: 西王母 | I87: 1 | J87: =VLOOKUP(H87,[2]英雄召唤星组!$F:$G,2,0) -> 原创英雄 | K87: =VLOOKUP(H87,[3]英雄基础!$E:$F,2,0) -> #N/A | L87: 40
A88: 87 | B88: 4:604018:50 | C88: 45 | D88: 20 | E88: 0 | F88: 1 | G88: 604018 | H88: 珀龙 | I88: 1 | J88: =VLOOKUP(H88,[2]英雄召唤星组!$F:$G,2,0) -> 原创英雄 | K88: =VLOOKUP(H88,[3]英雄基础!$E:$F,2,0) -> #N/A | L88: 40
A89: 88 | B89: 4:605018:50 | C89: 45 | D89: 20 | E89: 0 | F89: 1 | G89: 605018 | H89: 修罗 | I89: 1 | J89: =VLOOKUP(H89,[2]英雄召唤星组!$F:$G,2,0) -> 原创英雄 | K89: =VLOOKUP(H89,[3]英雄基础!$E:$F,2,0) -> #N/A | L89: 40
A90: 89 | B90: 4:601015:50 | C90: 155 | D90: 793 | E90: 0 | F90: 1 | G90: 601015 | H90: =VLOOKUP(G90,[1]基础物品!$A:$B,2,0) -> 邓婵玉 | I90: =VLOOKUP(H90,[2]英雄召唤星组!$F:$I,3,0) -> 14 | J90: =VLOOKUP(H90,[2]英雄召唤星组!$F:$G,2,0) -> 凯兰崔尔 | K90: =VLOOKUP(H90,[3]英雄基础!$E:$F,2,0) -> #N/A | L90: 832
A91: 90 | B91: 4:601014:50 | C91: 155 | D91: 320 | E91: 0 | F91: 1 | G91: 601014 | H91: =VLOOKUP(G91,[1]基础物品!$A:$B,2,0) -> 李靖 | I91: =VLOOKUP(H91,[2]英雄召唤星组!$F:$I,3,0) -> 5 | J91: =VLOOKUP(H91,[2]英雄召唤星组!$F:$G,2,0) -> 奥丁 | K91: =VLOOKUP(H91,[3]英雄基础!$E:$F,2,0) -> #N/A | L91: 364
A92: 91 | B92: 4:601016:50 | C92: 155 | D92: 70 | E92: 0 | F92: 1 | G92: 601016 | H92: =VLOOKUP(G92,[1]基础物品!$A:$B,2,0) -> 嫦娥 | I92: =VLOOKUP(H92,[2]英雄召唤星组!$F:$I,3,0) -> 2 | J92: =VLOOKUP(H92,[2]英雄召唤星组!$F:$G,2,0) -> 潘 | K92: =VLOOKUP(H92,[3]英雄基础!$E:$F,2,0) -> #N/A | L92: 70
A93: 92 | B93: 4:601018:50 | C93: 155 | D93: 322 | E93: 0 | F93: 1 | G93: 601018 | H93: =VLOOKUP(G93,[1]基础物品!$A:$B,2,0) -> 姬发 | I93: =VLOOKUP(H93,[2]英雄召唤星组!$F:$I,3,0) -> 5 | J93: =VLOOKUP(H93,[2]英雄召唤星组!$F:$G,2,0) -> 魅魔女王 | K93: =VLOOKUP(H93,[3]英雄基础!$E:$F,2,0) -> #N/A | L93: 364
A94: 93 | B94: 4:601020:50 | C94: 155 | D94: 70 | E94: 0 | F94: 1 | G94: 601020 | H94: =VLOOKUP(G94,[1]基础物品!$A:$B,2,0) -> 哪吒 | I94: =VLOOKUP(H94,[2]英雄召唤星组!$F:$I,3,0) -> 2 | J94: =VLOOKUP(H94,[2]英雄召唤星组!$F:$G,2,0) -> 斯芬克斯 | K94: =VLOOKUP(H94,[3]英雄基础!$E:$F,2,0) -> 孔宣 | L94: 70
A95: 94 | B95: 4:601021:50 | C95: 155 | D95: 180 | E95: 0 | F95: 1 | G95: 601021 | H95: =VLOOKUP(G95,[1]基础物品!$A:$B,2,0) -> 姜子牙 | I95: =VLOOKUP(H95,[2]英雄召唤星组!$F:$I,3,0) -> 2 | J95: =VLOOKUP(H95,[2]英雄召唤星组!$F:$G,2,0) -> 雅典娜 | K95: =VLOOKUP(H95,[3]英雄基础!$E:$F,2,0) -> #N/A | L95: 83
A96: 95 | B96: 4:601017:50 | C96: 155 | D96: 150 | E96: 0 | F96: 1 | G96: 601017 | H96: =VLOOKUP(G96,[1]基础物品!$A:$B,2,0) -> 后羿 | I96: =VLOOKUP(H96,[2]英雄召唤星组!$F:$I,3,0) -> 2 | J96: =VLOOKUP(H96,[2]英雄召唤星组!$F:$G,2,0) -> 芬尼尔 | K96: =VLOOKUP(H96,[3]英雄基础!$E:$F,2,0) -> #N/A | L96: 83
A97: 96 | B97: 4:601023:50 | C97: 155 | D97: 70 | E97: 0 | F97: 1 | G97: 601023 | H97: =VLOOKUP(G97,[1]基础物品!$A:$B,2,0) -> #N/A | I97: =VLOOKUP(H97,[2]英雄召唤星组!$F:$I,3,0) -> #N/A | J97: =VLOOKUP(H97,[2]英雄召唤星组!$F:$G,2,0) -> #N/A | K97: =VLOOKUP(H97,[3]英雄基础!$E:$F,2,0) -> #N/A | L97: 70
A98: 97 | B98: 4:602016:50 | C98: 255 | D98: 487 | E98: 0 | F98: 1 | G98: 602016 | H98: =VLOOKUP(G98,[1]基础物品!$A:$B,2,0) -> 南极仙子 | I98: =VLOOKUP(H98,[2]英雄召唤星组!$F:$I,3,0) -> 15 | J98: =VLOOKUP(H98,[2]英雄召唤星组!$F:$G,2,0) -> 派西斯 | K98: =VLOOKUP(H98,[3]英雄基础!$E:$F,2,0) -> #N/A | L98: 460
A99: 98 | B99: 4:602014:50 | C99: 255 | D99: 487 | E99: 0 | F99: 1 | G99: 602014 | H99: =VLOOKUP(G99,[1]基础物品!$A:$B,2,0) -> 天蓬元帅 | I99: =VLOOKUP(H99,[2]英雄召唤星组!$F:$I,3,0) -> 14 | J99: =VLOOKUP(H99,[2]英雄召唤星组!$F:$G,2,0) -> 阿瑞斯 | K99: =VLOOKUP(H99,[3]英雄基础!$E:$F,2,0) -> #N/A | L99: 460
A100: 99 | B100: 4:602020:50 | C100: 255 | D100: 338 | E100: 0 | F100: 1 | G100: 602020 | H100: =VLOOKUP(G100,[1]基础物品!$A:$B,2,0) -> 通天教主 | I100: =VLOOKUP(H100,[2]英雄召唤星组!$F:$I,3,0) -> 6 | J100: =VLOOKUP(H100,[2]英雄召唤星组!$F:$G,2,0) -> 冰霜巨龙 | K100: =VLOOKUP(H100,[3]英雄基础!$E:$F,2,0) -> #N/A | L100: 348
A101: 100 | B101: 4:602017:50 | C101: 255 | D101: 300 | E101: 0 | F101: 1 | G101: 602017 | H101: =VLOOKUP(G101,[4]基础物品!$A:$B,2,0) -> 禄缘上仙 | I101: =VLOOKUP(H101,[2]英雄召唤星组!$F:$I,3,0) -> 6 | J101: =VLOOKUP(H101,[2]英雄召唤星组!$F:$G,2,0) -> 娜迦公主 | K101: =VLOOKUP(H101,[3]英雄基础!$E:$F,2,0) -> #N/A | L101: 300
A102: 101 | B102: 4:602018:50 | C102: 255 | D102: 80 | E102: 0 | F102: 1 | G102: 602018 | H102: =VLOOKUP(G102,[1]基础物品!$A:$B,2,0) -> 斗战胜佛 | I102: =VLOOKUP(H102,[2]英雄召唤星组!$F:$I,3,0) -> 2 | J102: =VLOOKUP(H102,[2]英雄召唤星组!$F:$G,2,0) -> 波塞冬 | K102: =VLOOKUP(H102,[3]英雄基础!$E:$F,2,0) -> #N/A | L102: 300
A103: 102 | B103: 4:602021:50 | C103: 255 | D103: 300 | E103: 0 | F103: 1 | G103: 602021 | H103: =VLOOKUP(G103,[1]基础物品!$A:$B,2,0) -> 元始天尊 | I103: =VLOOKUP(H103,[2]英雄召唤星组!$F:$I,3,0) -> 6 | J103: =VLOOKUP(H103,[2]英雄召唤星组!$F:$G,2,0) -> 少年梅林 | K103: =VLOOKUP(H103,[3]英雄基础!$E:$F,2,0) -> #N/A | L103: 300
A104: 103 | B104: 4:602022:50 | C104: 255 | D104: 487 | E104: 0 | F104: 1 | G104: 602022 | H104: =VLOOKUP(G104,[1]基础物品!$A:$B,2,0) -> 云中子 | I104: =VLOOKUP(H104,[2]英雄召唤星组!$F:$I,3,0) -> 15 | J104: =VLOOKUP(H104,[2]英雄召唤星组!$F:$G,2,0) -> 海宁芙 | K104: =VLOOKUP(H104,[3]英雄基础!$E:$F,2,0) -> #N/A | L104: 460
A105: 104 | B105: 4:602015:50 | C105: 255 | D105: 317 | E105: 0 | F105: 1 | G105: 602015 | H105: =VLOOKUP(G105,[1]基础物品!$A:$B,2,0) -> 卷帘大将 | I105: =VLOOKUP(H105,[2]英雄召唤星组!$F:$I,3,0) -> 6 | J105: =VLOOKUP(H105,[2]英雄召唤星组!$F:$G,2,0) -> 泰坦 | K105: =VLOOKUP(H105,[3]英雄基础!$E:$F,2,0) -> #N/A | L105: 348
A106: 105 | B106: 4:602024:50 | C106: 255 | D106: 250 | E106: 0 | F106: 1 | G106: 602024 | H106: =VLOOKUP(G106,[4]基础物品!$A:$B,2,0) -> 玄奘 | I106: =VLOOKUP(H106,[2]英雄召唤星组!$F:$I,3,0) -> 6 | J106: =VLOOKUP(H106,[2]英雄召唤星组!$F:$G,2,0) -> 利维坦 | K106: =VLOOKUP(H106,[3]英雄基础!$E:$F,2,0) -> #N/A | L106: 160
A107: 106 | B107: 4:602025:50 | C107: 255 | D107: 250 | E107: 0 | F107: 1 | G107: 602025 | H107: =VLOOKUP(G107,[4]基础物品!$A:$B,2,0) -> 白龙 | I107: =VLOOKUP(H107,[2]英雄召唤星组!$F:$I,3,0) -> 6 | J107: =VLOOKUP(H107,[2]英雄召唤星组!$F:$G,2,0) -> 原创英雄 | K107: =VLOOKUP(H107,[3]英雄基础!$E:$F,2,0) -> #N/A | L107: 160
A108: 107 | B108: 4:603019:50 | C108: 355 | D108: 853 | E108: 0 | F108: 1 | G108: 603019 | H108: =VLOOKUP(G108,[1]基础物品!$A:$B,2,0) -> 金乌 | I108: =VLOOKUP(H108,[2]英雄召唤星组!$F:$I,3,0) -> 14 | J108: =VLOOKUP(H108,[2]英雄召唤星组!$F:$G,2,0) -> 吸血伯爵 | K108: =VLOOKUP(H108,[3]英雄基础!$E:$F,2,0) -> #N/A | L108: 833
A109: 108 | B109: 4:603018:50 | C109: 355 | D109: 853 | E109: 0 | F109: 1 | G109: 603018 | H109: =VLOOKUP(G109,[1]基础物品!$A:$B,2,0) -> 擎苍 | I109: =VLOOKUP(H109,[2]英雄召唤星组!$F:$I,3,0) -> 14 | J109: =VLOOKUP(H109,[2]英雄召唤星组!$F:$G,2,0) -> 剑豪卡赞 | K109: =VLOOKUP(H109,[3]英雄基础!$E:$F,2,0) -> #N/A | L109: 833
A110: 109 | B110: 4:603014:50 | C110: 355 | D110: 50 | E110: 0 | F110: 1 | G110: 603014 | H110: =VLOOKUP(G110,[1]基础物品!$A:$B,2,0) -> 红孩儿 | I110: =VLOOKUP(H110,[2]英雄召唤星组!$F:$I,3,0) -> 6 | J110: =VLOOKUP(H110,[2]英雄召唤星组!$F:$G,2,0) -> 菲尼克斯 | K110: =VLOOKUP(H110,[3]英雄基础!$E:$F,2,0) -> #N/A | L110: 287
A111: 110 | B111: 4:603021:50 | C111: 355 | D111: 80 | E111: 0 | F111: 1 | G111: 603021 | H111: =VLOOKUP(G111,[1]基础物品!$A:$B,2,0) -> 白骨夫人 | I111: =VLOOKUP(H111,[2]英雄召唤星组!$F:$I,3,0) -> 14 | J111: =VLOOKUP(H111,[2]英雄召唤星组!$F:$G,2,0) -> 炎魔之王 | K111: =VLOOKUP(H111,[3]英雄基础!$E:$F,2,0) -> #N/A | L111: 287
A112: 111 | B112: 4:603022:50 | C112: 355 | D112: 240 | E112: 0 | F112: 1 | G112: 603022 | H112: =VLOOKUP(G112,[1]基础物品!$A:$B,2,0) -> 妲己 | I112: =VLOOKUP(H112,[2]英雄召唤星组!$F:$I,3,0) -> 6 | J112: =VLOOKUP(H112,[2]英雄召唤星组!$F:$G,2,0) -> 阿波罗 | K112: =VLOOKUP(H112,[3]英雄基础!$E:$F,2,0) -> #N/A | L112: 287
A113: 112 | B113: 4:603016:50 | C113: 355 | D113: 240 | E113: 0 | F113: 1 | G113: 603016 | H113: =VLOOKUP(G113,[1]基础物品!$A:$B,2,0) -> 浑天大圣 | I113: =VLOOKUP(H113,[2]英雄召唤星组!$F:$I,3,0) -> #N/A | J113: =VLOOKUP(H113,[2]英雄召唤星组!$F:$G,2,0) -> #N/A | K113: =VLOOKUP(H113,[3]英雄基础!$E:$F,2,0) -> #N/A | L113: 140
A114: 113 | B114: 4:603015:50 | C114: 355 | D114: 240 | E114: 0 | F114: 1 | G114: 603015 | H114: =VLOOKUP(G114,[1]基础物品!$A:$B,2,0) -> 石矶 | I114: =VLOOKUP(H114,[2]英雄召唤星组!$F:$I,3,0) -> 6 | J114: =VLOOKUP(H114,[2]英雄召唤星组!$F:$G,2,0) -> 普罗米修斯 | K114: =VLOOKUP(H114,[3]英雄基础!$E:$F,2,0) -> #N/A | L114: 140
A115: 114 | B115: 4:603020:50 | C115: 355 | D115: 218 | E115: 0 | F115: 1 | G115: 603020 | H115: =VLOOKUP(G115,[1]基础物品!$A:$B,2,0) -> 敖丙 | I115: =VLOOKUP(H115,[2]英雄召唤星组!$F:$I,3,0) -> 4 | J115: =VLOOKUP(H115,[2]英雄召唤星组!$F:$G,2,0) -> 瓦尔基里 | K115: =VLOOKUP(H115,[3]英雄基础!$E:$F,2,0) -> #N/A | L115: 140
A116: 115 | B116: 4:603017:50 | C116: 355 | D116: 500 | E116: 0 | F116: 1 | G116: 603017 | H116: =VLOOKUP(G116,[1]基础物品!$A:$B,2,0) -> 牛魔王 | I116: =VLOOKUP(H116,[2]英雄召唤星组!$F:$I,3,0) -> 14 | J116: =VLOOKUP(H116,[2]英雄召唤星组!$F:$G,2,0) -> 炽天使 | K116: =VLOOKUP(H116,[3]英雄基础!$E:$F,2,0) -> #N/A | L116: 287
A117: 116 | B117: 4:603023:50 | C117: 355 | D117: 60 | E117: 0 | F117: 1 | G117: 603023 | H117: 孔宣 | I117: =VLOOKUP(H117,[2]英雄召唤星组!$F:$I,3,0) -> 1 | J117: =VLOOKUP(H117,[2]英雄召唤星组!$F:$G,2,0) -> 阿波罗 | K117: =VLOOKUP(H117,[3]英雄基础!$E:$F,2,0) -> #N/A | L117: 100
A118: 117 | B118: 4:603024:50 | C118: 355 | D118: 20 | E118: 0 | F118: 1 | G118: 603024 | H118: 曼珠 | I118: 1 | J118: =VLOOKUP(H118,[2]英雄召唤星组!$F:$G,2,0) -> 原创英雄 | K118: =VLOOKUP(H118,[3]英雄基础!$E:$F,2,0) -> #N/A | L118: 42
A119: 118 | B119: 4:605010:50 | C119: 455 | D119: 20 | E119: 0 | F119: 1 | G119: 605010 | H119: =VLOOKUP(G119,[1]基础物品!$A:$B,2,0) -> 黄泉 | I119: =VLOOKUP(H119,[2]英雄召唤星组!$F:$I,3,0) -> 1 | J119: =VLOOKUP(H119,[2]英雄召唤星组!$F:$G,2,0) -> 海拉 | K119: =VLOOKUP(H119,[3]英雄基础!$E:$F,2,0) -> #N/A | L119: 40
A120: 119 | B120: 4:605011:50 | C120: 455 | D120: 360 | E120: 0 | F120: 1 | G120: 605011 | H120: =VLOOKUP(G120,[1]基础物品!$A:$B,2,0) -> 阎君 | I120: =VLOOKUP(H120,[2]英雄召唤星组!$F:$I,3,0) -> 3 | J120: =VLOOKUP(H120,[2]英雄召唤星组!$F:$G,2,0) -> 蛇女墨莎 | K120: =VLOOKUP(H120,[3]英雄基础!$E:$F,2,0) -> #N/A | L120: 245
A121: 120 | B121: 4:604008:50 | C121: 455 | D121: 285 | E121: 0 | F121: 1 | G121: 604008 | H121: =VLOOKUP(G121,[1]基础物品!$A:$B,2,0) -> 女娲 | I121: =VLOOKUP(H121,[2]英雄召唤星组!$F:$I,3,0) -> 2 | J121: =VLOOKUP(H121,[2]英雄召唤星组!$F:$G,2,0) -> 艾蕾莉亚 | K121: =VLOOKUP(H121,[3]英雄基础!$E:$F,2,0) -> #N/A | L121: 315
A122: 121 | B122: 4:605012:50 | C122: 455 | D122: 325 | E122: 0 | F122: 1 | G122: 605012 | H122: =VLOOKUP(G122,[1]基础物品!$A:$B,2,0) -> 东皇太一 | I122: =VLOOKUP(H122,[2]英雄召唤星组!$F:$I,3,0) -> 2 | J122: =VLOOKUP(H122,[2]英雄召唤星组!$F:$G,2,0) -> 阿努比斯 | K122: =VLOOKUP(H122,[3]英雄基础!$E:$F,2,0) -> #N/A | L122: 130
A123: 122 | B123: 4:605006:50 | C123: 455 | D123: 40 | E123: 0 | F123: 1 | G123: 605006 | H123: =VLOOKUP(G123,[1]基础物品!$A:$B,2,0) -> 蚩尤 | I123: =VLOOKUP(H123,[2]英雄召唤星组!$F:$I,3,0) -> 1 | J123: =VLOOKUP(H123,[2]英雄召唤星组!$F:$G,2,0) -> 亚巴顿 | K123: =VLOOKUP(H123,[3]英雄基础!$E:$F,2,0) -> #N/A | L123: 140
A124: 123 | B124: 4:605007:50 | C124: 455 | D124: 40 | E124: 0 | F124: 1 | G124: 605007 | H124: =VLOOKUP(G124,[1]基础物品!$A:$B,2,0) -> 孟婆 | I124: =VLOOKUP(H124,[2]英雄召唤星组!$F:$I,3,0) -> 1 | J124: =VLOOKUP(H124,[2]英雄召唤星组!$F:$G,2,0) -> 潘多拉 | K124: =VLOOKUP(H124,[3]英雄基础!$E:$F,2,0) -> #N/A | L124: 40
A125: 124 | B125: 4:604012:50 | C125: 455 | D125: 40 | E125: 0 | F125: 1 | G125: 604012 | H125: 共工 | I125: 赫拉 | J125: 5 | K125: 4 | L125: 140
...

Sheet 英雄转换
A1: ID | B1: 星级 | C1: 转换耗费
A2: 1 | B2: 4 | C2: 3:100024:20
A3: 2 | B3: 5 | C3: 3:100024:100

Sheet 英雄转换分组
A1: ID | B1: 英雄ID | C1: 分组 | D1: 权重 | E1: 备注 | G1: 对照 | H1: 原版 | I1: 更改 | J1: 新权重
A2: 1 | B2: 101101 | C2: 1 | D2: 2000 | E2: 4星人族 | F2: =VLOOKUP(B2,[3]英雄基础!$A:$F,6,0) -> 采臣 | G2: =VLOOKUP(F2,[2]英雄召唤星组!$F:$H,3,0) -> 75
A3: 2 | B3: 100901 | C3: 1 | D3: 2000 | E3: 4星人族 | F3: =VLOOKUP(B3,[3]英雄基础!$A:$F,6,0) -> 黄飞虎 | G3: =VLOOKUP(F3,[2]英雄召唤星组!$F:$H,3,0) -> 75
A4: 3 | B4: 101301 | C4: 1 | D4: 2000 | E4: 4星人族 | F4: =VLOOKUP(B4,[3]英雄基础!$A:$F,6,0) -> 申公豹 | G4: =VLOOKUP(F4,[2]英雄召唤星组!$F:$H,3,0) -> 75
A5: 4 | B5: 101201 | C5: 1 | D5: 2000 | E5: 4星人族 | F5: =VLOOKUP(B5,[3]英雄基础!$A:$F,6,0) -> 纣王 | G5: =VLOOKUP(F5,[2]英雄召唤星组!$F:$H,3,0) -> 75
A6: 5 | B6: 101401 | C6: 2 | D6: 500 | E6: 5星人族 | F6: =VLOOKUP(B6,[3]英雄基础!$A:$F,6,0) -> 李靖 | G6: =VLOOKUP(F6,[2]英雄召唤星组!$F:$H,3,0) -> 5 | H6: =D6/SUM($D$6:$D$14) -> 0.11627907 | I6: =G6/SUM($G$6:$G$14) -> 0.11627907 | J6: =G6*100 -> 500
A7: 6 | B7: 101601 | C7: 2 | D7: 300 | E7: 5星人族 | F7: =VLOOKUP(B7,[3]英雄基础!$A:$F,6,0) -> 嫦娥 | G7: 3 | H7: =D7/SUM($D$6:$D$14) -> 0.069767442 | I7: =G7/SUM($G$6:$G$14) -> 0.069767442 | J7: =G7*100 -> 300
A8: 7 | B8: 102201 | C8: 2 | D8: 1000 | E8: 5星人族 | F8: =VLOOKUP(B8,[3]英雄基础!$A:$F,6,0) -> 雷震子 | G8: 10 | H8: =D8/SUM($D$6:$D$14) -> 0.23255814 | I8: =G8/SUM($G$6:$G$14) -> 0.23255814 | J8: =G8*100 -> 1000
A9: 8 | B9: 101501 | C9: 2 | D9: 1000 | E9: 5星人族 | F9: =VLOOKUP(B9,[3]英雄基础!$A:$F,6,0) -> 邓婵玉 | G9: 10 | H9: =D9/SUM($D$6:$D$14) -> 0.23255814 | I9: =G9/SUM($G$6:$G$14) -> 0.23255814 | J9: =G9*100 -> 1000
A10: 9 | B10: 101801 | C10: 2 | D10: 700 | E10: 5星人族 | F10: =VLOOKUP(B10,[3]英雄基础!$A:$F,6,0) -> 姬发 | G10: 7 | H10: =D10/SUM($D$6:$D$14) -> 0.1627907 | I10: =G10/SUM($G$6:$G$14) -> 0.1627907 | J10: =G10*100 -> 700
A11: 10 | B11: 102001 | C11: 2 | D11: 200 | E11: 5星人族 | F11: =VLOOKUP(B11,[3]英雄基础!$A:$F,6,0) -> 哪吒 | G11: 2 | H11: =D11/SUM($D$6:$D$14) -> 0.046511628 | I11: =G11/SUM($G$6:$G$14) -> 0.046511628 | J11: =G11*100 -> 200
A12: 11 | B12: 101701 | C12: 2 | D12: 200 | E12: 5星人族 | F12: =VLOOKUP(B12,[3]英雄基础!$A:$F,6,0) -> 后羿 | G12: 2 | H12: =D12/SUM($D$6:$D$14) -> 0.046511628 | I12: =G12/SUM($G$6:$G$14) -> 0.046511628 | J12: =G12*100 -> 200
A13: 12 | B13: 102101 | C13: 2 | D13: 200 | E13: 5星人族 | F13: =VLOOKUP(B13,[3]英雄基础!$A:$F,6,0) -> 姜子牙 | G13: 2 | H13: =D13/SUM($D$6:$D$14) -> 0.046511628 | I13: =G13/SUM($G$6:$G$14) -> 0.046511628 | J13: =G13*100 -> 200
A14: 13 | B14: 102301 | C14: 2 | D14: 200 | E14: 5星人族 | F14: =VLOOKUP(B14,[3]英雄基础!$A:$F,6,0) -> 花木兰 | G14: 2 | H14: =D14/SUM($D$6:$D$14) -> 0.046511628 | I14: =G14/SUM($G$6:$G$14) -> 0.046511628 | J14: =G14*100 -> 200 | K14: =J14/SUM(J6:J14) -> 0.046511628
A15: 14 | B15: 200901 | C15: 3 | D15: 2000 | E15: 4星仙族 | F15: =VLOOKUP(B15,[3]英雄基础!$A:$F,6,0) -> 太白金星 | G15: =VLOOKUP(F15,[2]英雄召唤星组!$F:$H,3,0) -> 75
A16: 15 | B16: 201101 | C16: 3 | D16: 2000 | E16: 4星仙族 | F16: =VLOOKUP(B16,[3]英雄基础!$A:$F,6,0) -> 织女 | G16: =VLOOKUP(F16,[2]英雄召唤星组!$F:$H,3,0) -> 75
A17: 16 | B17: 201301 | C17: 3 | D17: 2000 | E17: 4星仙族 | F17: =VLOOKUP(B17,[3]英雄基础!$A:$F,6,0) -> 雨师 | G17: =VLOOKUP(F17,[2]英雄召唤星组!$F:$H,3,0) -> 100
A18: 17 | B18: 201601 | C18: 4 | D18: 1500 | E18: 5星仙族 | F18: =VLOOKUP(B18,[3]英雄基础!$A:$F,6,0) -> 南极仙子 | G18: 15 | H18: =D18/SUM($D$18:$D$27) -> 0.17647059 | I18: =G18/SUM($G$18:$G$27) -> 0.17647059 | J18: =G18*100 -> 1500
A19: 18 | B19: 201701 | C19: 4 | D19: 600 | E19: 5星仙族 | F19: =VLOOKUP(B19,[3]英雄基础!$A:$F,6,0) -> 禄缘上仙 | G19: =VLOOKUP(F19,[2]英雄召唤星组!$F:$H,3,0) -> 6 | H19: =D19/SUM($D$18:$D$27) -> 0.070588235 | I19: =G19/SUM($G$18:$G$27) -> 0.070588235 | J19: =G19*100 -> 600
A20: 19 | B20: 201401 | C20: 4 | D20: 1400 | E20: 5星仙族 | F20: =VLOOKUP(B20,[3]英雄基础!$A:$F,6,0) -> 天蓬元帅 | G20: =VLOOKUP(F20,[2]英雄召唤星组!$F:$H,3,0) -> 14 | H20: =D20/SUM($D$18:$D$27) -> 0.16470588 | I20: =G20/SUM($G$18:$G$27) -> 0.16470588 | J20: =G20*100 -> 1400
A21: 20 | B21: 202001 | C21: 4 | D21: 700 | E21: 5星仙族 | F21: =VLOOKUP(B21,[3]英雄基础!$A:$F,6,0) -> 通天教主 | G21: 7 | H21: =D21/SUM($D$18:$D$27) -> 0.082352941 | I21: =G21/SUM($G$18:$G$27) -> 0.082352941 | J21: =G21*100 -> 700
A22: 21 | B22: 201501 | C22: 4 | D22: 700 | E22: 5星仙族 | F22: =VLOOKUP(B22,[3]英雄基础!$A:$F,6,0) -> 卷帘大将 | G22: 7 | H22: =D22/SUM($D$18:$D$27) -> 0.082352941 | I22: =G22/SUM($G$18:$G$27) -> 0.082352941 | J22: =G22*100 -> 700
A23: 22 | B23: 201801 | C23: 4 | D23: 500 | E23: 5星仙族 | F23: =VLOOKUP(B23,[3]英雄基础!$A:$F,6,0) -> 斗战胜佛 | G23: 5 | H23: =D23/SUM($D$18:$D$27) -> 0.058823529 | I23: =G23/SUM($G$18:$G$27) -> 0.058823529 | J23: =G23*100 -> 500
A24: 23 | B24: 202101 | C24: 4 | D24: 700 | E24: 5星仙族 | F24: =VLOOKUP(B24,[3]英雄基础!$A:$F,6,0) -> 元始天尊 | G24: 7 | H24: =D24/SUM($D$18:$D$27) -> 0.082352941 | I24: =G24/SUM($G$18:$G$27) -> 0.082352941 | J24: =G24*100 -> 700
A25: 24 | B25: 202201 | C25: 4 | D25: 1500 | E25: 5星仙族 | F25: =VLOOKUP(B25,[3]英雄基础!$A:$F,6,0) -> 云中子 | G25: =VLOOKUP(F25,[2]英雄召唤星组!$F:$H,3,0) -> 15 | H25: =D25/SUM($D$18:$D$27) -> 0.17647059 | I25: =G25/SUM($G$18:$G$27) -> 0.17647059 | J25: =G25*100 -> 1500
A26: 25 | B26: 202301 | C26: 4 | D26: 300 | E26: 5星仙族 | F26: =VLOOKUP(B26,[3]英雄基础!$A:$F,6,0) -> 白龙 | G26: 3 | H26: =D26/SUM($D$18:$D$27) -> 0.035294118 | I26: =G26/SUM($G$18:$G$27) -> 0.035294118 | J26: =G26*100 -> 300
A27: 26 | B27: 202401 | C27: 4 | D27: 600 | E27: 5星仙族 | F27: =VLOOKUP(B27,[3]英雄基础!$A:$F,6,0) -> 玄奘 | G27: =VLOOKUP(F27,[2]英雄召唤星组!$F:$H,3,0) -> 6 | H27: =D27/SUM($D$18:$D$27) -> 0.070588235 | I27: =G27/SUM($G$18:$G$27) -> 0.070588235 | J27: =G27*100 -> 600
A28: 27 | B28: 301101 | C28: 5 | D28: 2000 | E28: 4星妖族 | F28: =VLOOKUP(B28,[3]英雄基础!$A:$F,6,0) -> 金角大王 | G28: =VLOOKUP(F28,[2]英雄召唤星组!$F:$H,3,0) -> 75
A29: 28 | B29: 301001 | C29: 5 | D29: 2000 | E29: 4星妖族 | F29: =VLOOKUP(B29,[3]英雄基础!$A:$F,6,0) -> 鬼将 | G29: =VLOOKUP(F29,[2]英雄召唤星组!$F:$H,3,0) -> 75
A30: 29 | B30: 301201 | C30: 5 | D30: 2000 | E30: 4星妖族 | F30: =VLOOKUP(B30,[3]英雄基础!$A:$F,6,0) -> 盘丝 | G30: =VLOOKUP(F30,[2]英雄召唤星组!$F:$H,3,0) -> 75
A31: 30 | B31: 301501 | C31: 6 | D31: 800 | E31: 5星妖族 | F31: =VLOOKUP(B31,[3]英雄基础!$A:$F,6,0) -> 石矶 | G31: 8 | H31: =D31/SUM($D$31:$D$41) -> 0.095238095 | I31: =G31/SUM($G$31:$G$41) -> 0.095238095 | J31: =G31*100 -> 800
A32: 31 | B32: 301601 | C32: 6 | D32: 200 | E32: 5星妖族 | F32: =VLOOKUP(B32,[3]英雄基础!$A:$F,6,0) -> 混天大圣 | G32: =VLOOKUP(F32,[2]英雄召唤星组!$F:$H,3,0) -> 2 | H32: =D32/SUM($D$31:$D$41) -> 0.023809524 | I32: =G32/SUM($G$31:$G$41) -> 0.023809524 | J32: =G32*100 -> 200
A33: 32 | B33: 301401 | C33: 6 | D33: 200 | E33: 5星妖族 | F33: =VLOOKUP(B33,[3]英雄基础!$A:$F,6,0) -> 红孩儿 | G33: 2 | H33: =D33/SUM($D$31:$D$41) -> 0.023809524 | I33: =G33/SUM($G$31:$G$41) -> 0.023809524 | J33: =G33*100 -> 200
A34: 33 | B34: 301901 | C34: 6 | D34: 1600 | E34: 5星妖族 | F34: =VLOOKUP(B34,[3]英雄基础!$A:$F,6,0) -> 金乌 | G34: 16 | H34: =D34/SUM($D$31:$D$41) -> 0.19047619 | I34: =G34/SUM($G$31:$G$41) -> 0.19047619 | J34: =G34*100 -> 1600
A35: 34 | B35: 302101 | C35: 6 | D35: 1000 | E35: 5星妖族 | F35: =VLOOKUP(B35,[3]英雄基础!$A:$F,6,0) -> 白骨夫人 | G35: 10 | H35: =D35/SUM($D$31:$D$41) -> 0.11904762 | I35: =G35/SUM($G$31:$G$41) -> 0.11904762 | J35: =G35*100 -> 1000
A36: 35 | B36: 302201 | C36: 6 | D36: 500 | E36: 5星妖族 | F36: =VLOOKUP(B36,[3]英雄基础!$A:$F,6,0) -> 妲己 | G36: 5 | H36: =D36/SUM($D$31:$D$41) -> 0.05952381 | I36: =G36/SUM($G$31:$G$41) -> 0.05952381 | J36: =G36*100 -> 500
A37: 36 | B37: 301701 | C37: 6 | D37: 1400 | E37: 5星妖族 | F37: =VLOOKUP(B37,[3]英雄基础!$A:$F,6,0) -> 牛魔王 | G37: 14 | H37: =D37/SUM($D$31:$D$41) -> 0.16666667 | I37: =G37/SUM($G$31:$G$41) -> 0.16666667 | J37: =G37*100 -> 1400
A38: 37 | B38: 301801 | C38: 6 | D38: 1500 | E38: 5星妖族 | F38: =VLOOKUP(B38,[3]英雄基础!$A:$F,6,0) -> 擎苍 | G38: 15 | H38: =D38/SUM($D$31:$D$41) -> 0.17857143 | I38: =G38/SUM($G$31:$G$41) -> 0.17857143 | J38: =G38*100 -> 1500
A39: 38 | B39: 302001 | C39: 6 | D39: 600 | E39: 5星妖族 | F39: =VLOOKUP(B39,[3]英雄基础!$A:$F,6,0) -> 敖丙 | G39: 6 | H39: =D39/SUM($D$31:$D$41) -> 0.071428571 | I39: =G39/SUM($G$31:$G$41) -> 0.071428571 | J39: =G39*100 -> 600
A40: 39 | B40: 302301 | C40: 6 | D40: 400 | E40: 5星妖族 | F40: =VLOOKUP(B40,[3]英雄基础!$A:$F,6,0) -> 孔宣 | G40: 4 | H40: =D40/SUM($D$31:$D$41) -> 0.047619048 | I40: =G40/SUM($G$31:$G$41) -> 0.047619048 | J40: =G40*100 -> 400
A41: 40 | B41: 302401 | C41: 6 | D41: 200 | E41: 5星妖族 | F41: =VLOOKUP(B41,[3]英雄基础!$A:$F,6,0) -> 曼珠 | G41: 2 | H41: =D41/SUM($D$31:$D$41) -> 0.023809524 | I41: =G41/SUM($G$31:$G$41) -> 0.023809524 | J41: =G41*100 -> 200
