Workbook

Sheet 英雄召唤
A1: 召唤类型 | B1: *备注 | C1: 召唤次数 | D1: VIP要求 | E1: 消耗道具ID | F1: 消耗道具数量 | G1: 消耗友情点 | H1: 消耗召唤积分 | I1: 消耗元宝 | J1: 允许混合抽 | K1: 混合抽单次元宝价格 | L1: 免费刷新间隔 | M1: 免费次数上限 | N1: 奖励召唤积分 | O1: 元宝送经验 | P1: 星组配置 | Q1: 星组配置说明（策划自己看看） | R1: 启用脸黑 | S1: 理想星级 | T1: 不幸召唤次数上限 | U1: 幸运星组 | V1: 启用保底 | W1: 保底星级 | X1: 保底星组 | Y1: 启用脸白 | Z1: 幸运召唤次数上限 | AA1: 不幸星组
A2: 1 | B2: Cơ sở triệu hoán 1 Lần | C2: 1 | E2: 100021 | F2: 1 | L2: 86400 | M2: 1 | N2: 1 | O2: 0 | P2: 1:10000 | Q2: 50%概率进入1星组，30%进入2星组，20%进入3星组
A3: 2 | B3: Cơ sở triệu hoán 10 Lần | C3: 10 | E3: 100021 | F3: 10 | N3: 10 | O3: 0 | P3: 1:10000
A4: 3 | B4: Hữu nghị triệu hoán 1 Lần | C4: 1 | G4: 100 | N4: 2 | O4: 0 | P4: 2:10000
A5: 4 | B5: Hữu nghị triệu hoán 10 Lần | C5: 10 | G5: 1000 | N5: 20 | O5: 0 | P5: 2:10000
A6: 5 | B6: Cao cấp triệu hoán 1 Lần | C6: 1 | E6: 100022 | F6: 1 | I6: 220 | L6: 86400 | M6: 1 | N6: 20 | O6: 5000 | P6: 3:10000 | R6: 1 | S6: 5 | T6: 39 | U6: 35
A7: 6 | B7: Cao cấp triệu hoán 10 Lần | C7: 10 | D7: 6 | E7: 100022 | F7: 10 | I7: 2000 | K7: 220 | N7: 200 | O7: 50000 | P7: 3:10000 | R7: 1 | S7: 5 | T7: 39 | U7: 35 | V7: 1 | W7: 4 | X7: 4 | Y7: 1 | Z7: 1 | AA7: 5
A8: 7 | B8: Điểm tích lũy triệu hoán | C8: 1 | D8: 7 | H8: 1000 | N8: 0 | O8: 0 | P8: 35:10000
A9: 8 | B9: Biết võ khoán triệu hoán 1 Lần | C9: 1 | E9: 100298 | F9: 1 | N9: 10 | P9: 103:10000 | Y9: 1 | Z9: 1 | AA9: 5
A10: 9 | B10: Biết võ triệu hoán 10 Lần | C10: 10 | E10: 100298 | F10: 10 | N10: 100 | P10: 103:10000 | Y10: 1 | Z10: 1 | AA10: 5

Sheet 英雄召唤星组
A1: ID | B1: 英雄ID | C1: *权重 | D1: 所属星组 | E1: 突出显示 | F1: *名字 | G1: *闪烁之光角色 | H1: 展示权重
A2: 1 | B2: 201301 | C2: 100 | D2: 99 | E2: 1 | F2: 雨师 | G2: 水元素 | H2: 100
A3: 2 | B3: 200101 | C3: 8500 | D3: 1 | E3: 1 | F3: =VLOOKUP(B3,[1]英雄基础!$A:$E,5,0) -> 仙童 | G3: =VLOOKUP(B3,[1]英雄基础!$A:$D,4,0) -> 莉莉丝 | H3: 8500
A4: 3 | B4: 100101 | C4: 8500 | D4: 1 | E4: 1 | F4: =VLOOKUP(B4,[1]英雄基础!$A:$E,5,0) -> 方术士 | G4: =VLOOKUP(B4,[1]英雄基础!$A:$D,4,0) -> 树精灵 | H4: 8500
A5: 4 | B5: 300101 | C5: 8500 | D5: 1 | E5: 1 | F5: =VLOOKUP(B5,[1]英雄基础!$A:$E,5,0) -> 将臣 | G5: =VLOOKUP(B5,[1]英雄基础!$A:$D,4,0) -> 地狱犬 | H5: 8500
A6: 5 | B6: 200201 | C6: 6000 | D6: 1 | E6: 1 | F6: =VLOOKUP(B6,[1]英雄基础!$A:$E,5,0) -> 日游神 | G6: =VLOOKUP(B6,[1]英雄基础!$A:$D,4,0) -> 兽族步兵 | H6: 6000
A7: 6 | B7: 300301 | C7: 6000 | D7: 1 | E7: 1 | F7: =VLOOKUP(B7,[1]英雄基础!$A:$E,5,0) -> 花妖 | G7: =VLOOKUP(B7,[1]英雄基础!$A:$D,4,0) -> 死灵巫师 | H7: 6000
A8: 7 | B8: 100301 | C8: 6000 | D8: 1 | E8: 1 | F8: =VLOOKUP(B8,[1]英雄基础!$A:$E,5,0) -> 长弓手 | G8: =VLOOKUP(B8,[1]英雄基础!$A:$D,4,0) -> 精灵射手 | H8: 6000
A9: 8 | B9: 300701 | C9: 700 | D9: 1 | E9: 1 | F9: =VLOOKUP(B9,[1]英雄基础!$A:$E,5,0) -> 玉兔 | G9: =VLOOKUP(B9,[1]英雄基础!$A:$D,4,0) -> 地狱火 | H9: 700
A10: 9 | B10: 200801 | C10: 700 | D10: 1 | E10: 1 | F10: =VLOOKUP(B10,[1]英雄基础!$A:$E,5,0) -> 笛仙 | G10: =VLOOKUP(B10,[1]英雄基础!$A:$D,4,0) -> 美狄亚 | H10: 700
A11: 10 | B11: 100601 | C11: 700 | D11: 1 | E11: 1 | F11: =VLOOKUP(B11,[1]英雄基础!$A:$E,5,0) -> 殿前禁卫 | G11: =VLOOKUP(B11,[1]英雄基础!$A:$D,4,0) -> 树界守卫 | H11: 700
A12: 11 | B12: 300401 | C12: 700 | D12: 1 | E12: 1 | F12: =VLOOKUP(B12,[1]英雄基础!$A:$E,5,0) -> 黑风 | G12: =VLOOKUP(B12,[1]英雄基础!$A:$D,4,0) -> 末日守卫 | H12: 700
A13: 12 | B13: 100801 | C13: 700 | D13: 1 | E13: 1 | F13: =VLOOKUP(B13,[1]英雄基础!$A:$E,5,0) -> 木吒 | G13: =VLOOKUP(B13,[1]英雄基础!$A:$D,4,0) -> 风暴猎手 | H13: 700
A14: 13 | B14: 500101 | C14: 700 | D14: 1 | E14: 1 | F14: =VLOOKUP(B14,[1]英雄基础!$A:$E,5,0) -> 鲛姬 | G14: =VLOOKUP(B14,[1]英雄基础!$A:$D,4,0) -> 巨魔巫医 | H14: 700
... A40: 39 | B40: 101701 | C40: 2 | D40: 1 | E40: 1 | F40: =VLOOKUP(B40,[1]英雄基础!$A:$E,5,0) -> 后羿 | G40: =VLOOKUP(B40,[1]英雄基础!$A:$D,4,0) -> 芬尼尔 | H40: 2
A41: 40 | B41: 102301 | C41: 2 | D41: 1 | E41: 1 | F41: 花木兰 | G41: =VLOOKUP(B41,[1]英雄基础!$A:$D,4,0) -> 原创英雄 | H41: 2
A42: 41 | B42: 301401 | C42: 6 | D42: 1 | E42: 1 | F42: =VLOOKUP(B42,[1]英雄基础!$A:$E,5,0) -> 红孩儿 | G42: =VLOOKUP(B42,[1]英雄基础!$A:$D,4,0) -> 菲尼克斯 | H42: 6
A43: 42 | B43: 301701 | C43: 14 | D43: 1 | E43: 1 | F43: =VLOOKUP(B43,[1]英雄基础!$A:$E,5,0) -> 牛魔王 | G43: =VLOOKUP(B43,[1]英雄基础!$A:$D,4,0) -> 炽天使 | H43: 14
A44: 43 | B44: 301601 | C44: 2 | D44: 1 | E44: 1 | F44: =VLOOKUP(B44,[1]英雄基础!$A:$E,5,0) -> 混天大圣 | G44: =VLOOKUP(B44,[1]英雄基础!$A:$D,4,0) -> 洛基 | H44: 2
A45: 44 | B45: 301801 | C45: 14 | D45: 1 | E45: 1 | F45: =VLOOKUP(B45,[1]英雄基础!$A:$E,5,0) -> 擎苍 | G45: =VLOOKUP(B45,[1]英雄基础!$A:$D,4,0) -> 剑豪卡赞 | H45: 14
A46: 45 | B46: 302001 | C46: 4 | D46: 1 | E46: 1 | F46: =VLOOKUP(B46,[1]英雄基础!$A:$E,5,0) -> 敖丙 | G46: =VLOOKUP(B46,[1]英雄基础!$A:$D,4,0) -> 瓦尔基里 | H46: 4
A47: 46 | B47: 302101 | C47: 14 | D47: 1 | E47: 1 | F47: =VLOOKUP(B47,[1]英雄基础!$A:$E,5,0) -> 白骨夫人 | G47: =VLOOKUP(B47,[1]英雄基础!$A:$D,4,0) -> 炎魔之王 | H47: 14
A48: 47 | B48: 301901 | C48: 13 | D48: 1 | E48: 1 | F48: =VLOOKUP(B48,[1]英雄基础!$A:$E,5,0) -> 金乌 | G48: =VLOOKUP(B48,[1]英雄基础!$A:$D,4,0) -> 吸血伯爵 | H48: 14
A49: 48 | B49: 302201 | C49: 6 | D49: 1 | E49: 1 | F49: =VLOOKUP(B49,[1]英雄基础!$A:$E,5,0) -> 妲己 | G49: =VLOOKUP(B49,[1]英雄基础!$A:$D,4,0) -> 阿波罗 | H49: 6
A50: 49 | B50: 301501 | C50: 6 | D50: 1 | E50: 1 | F50: =VLOOKUP(B50,[1]英雄基础!$A:$E,5,0) -> 石矶 | G50: =VLOOKUP(B50,[1]英雄基础!$A:$D,4,0) -> 普罗米修斯 | H50: 6
A51: 50 | B51: 201401 | C51: 14 | D51: 1 | E51: 1 | F51: =VLOOKUP(B51,[1]英雄基础!$A:$E,5,0) -> 天蓬元帅 | G51: =VLOOKUP(B51,[1]英雄基础!$A:$D,4,0) -> 阿瑞斯 | H51: 14
A52: 51 | B52: 202001 | C52: 6 | D52: 1 | E52: 1 | F52: =VLOOKUP(B52,[1]英雄基础!$A:$E,5,0) -> 通天教主 | G52: =VLOOKUP(B52,[1]英雄基础!$A:$D,4,0) -> 冰霜巨龙 | H52: 6
A53: 52 | B53: 201601 | C53: 15 | D53: 1 | E53: 1 | F53: =VLOOKUP(B53,[1]英雄基础!$A:$E,5,0) -> 南极仙子 | G53: =VLOOKUP(B53,[1]英雄基础!$A:$D,4,0) -> 派西斯 | H53: 15
... A58: 57 | B58: 201501 | C58: 6 | D58: 1 | E58: 1 | F58: =VLOOKUP(B58,[1]英雄基础!$A:$E,5,0) -> 卷帘大将 | G58: =VLOOKUP(B58,[1]英雄基础!$A:$D,4,0) -> 泰坦 | H58: 6
A59: 58 | B59: 202401 | C59: 6 | D59: 1 | E59: 1 | F59: 玄奘 | G59: =VLOOKUP(B59,[1]英雄基础!$A:$D,4,0) -> 利维坦 | H59: 6
A60: 59 | B60: 202301 | C60: 6 | D60: 1 | E60: 1 | F60: 白龙 | G60: =VLOOKUP(B60,[1]英雄基础!$A:$D,4,0) -> 原创英雄 | H60: 6
A61: 60 | B61: 501201 | C61: 2 | D61: 1 | E61: 1 | F61: =VLOOKUP(B61,[1]英雄基础!$A:$E,5,0) -> 东皇太一 | G61: =VLOOKUP(B61,[1]英雄基础!$A:$D,4,0) -> 阿努比斯 | H61: 2
A62: 61 | B62: 500701 | C62: 1 | D62: 1 | E62: 1 | F62: =VLOOKUP(B62,[1]英雄基础!$A:$E,5,0) -> 孟婆 | G62: =VLOOKUP(B62,[1]英雄基础!$A:$D,4,0) -> 潘多拉 | H62: 1
A63: 62 | B63: 400701 | C63: 1 | D63: 1 | E63: 1 | F63: =VLOOKUP(B63,[1]英雄基础!$A:$E,5,0) -> 神农 | G63: =VLOOKUP(B63,[1]英雄基础!$A:$D,4,0) -> 拉斐尔 | H63: 1
A64: 63 | B64: 401201 | C64: 1 | D64: 1 | E64: 1 | F64: =VLOOKUP(B64,[1]英雄基础!$A:$E,5,0) -> 共工 | G64: =VLOOKUP(B64,[1]英雄基础!$A:$D,4,0) -> 赫拉 | H64: 1
A65: 64 | B65: 401301 | C65: 1 | D65: 1 | E65: 1 | F65: =VLOOKUP(B65,[1]英雄基础!$A:$E,5,0) -> 祝融 | G65: =VLOOKUP(B65,[1]英雄基础!$A:$D,4,0) -> 宙斯 | H65: 1
A66: 65 | B66: 400601 | C66: 1 | D66: 1 | E66: 1 | F66: =VLOOKUP(B66,[1]英雄基础!$A:$E,5,0) -> 盘古 | G66: =VLOOKUP(B66,[1]英雄基础!$A:$D,4,0) -> 盖亚 | H66: 1
A67: 66 | B67: 500601 | C67: 1 | D67: 1 | E67: 1 | F67: =VLOOKUP(B67,[1]英雄基础!$A:$E,5,0) -> 蚩尤 | G67: =VLOOKUP(B67,[1]英雄基础!$A:$D,4,0) -> 亚巴顿 | H67: 1
A68: 67 | B68: 400901 | C68: 1 | D68: 1 | E68: 1 | F68: =VLOOKUP(B68,[1]英雄基础!$A:$E,5,0) -> 鲲 | G68: =VLOOKUP(B68,[1]英雄基础!$A:$D,4,0) -> 神灵大祭司 | H68: 1
A69: 68 | B69: 501101 | C69: 3 | D69: 1 | E69: 1 | F69: =VLOOKUP(B69,[1]英雄基础!$A:$E,5,0) -> 阎君 | G69: =VLOOKUP(B69,[1]英雄基础!$A:$D,4,0) -> 蛇女墨莎 | H69: 3
A70: 69 | B70: 400801 | C70: 1 | D70: 1 | E70: 1 | F70: =VLOOKUP(B70,[1]英雄基础!$A:$E,5,0) -> 女娲 | G70: =VLOOKUP(B70,[1]英雄基础!$A:$D,4,0) -> 艾蕾莉亚 | H70: 2
A71: 70 | B71: 501001 | C71: 1 | D71: 1 | E71: 1 | F71: =VLOOKUP(B71,[1]英雄基础!$A:$E,5,0) -> 黄泉 | G71: =VLOOKUP(B71,[1]英雄基础!$A:$D,4,0) -> 海拉 | H71: 1
A72: 71 | B72: 500901 | C72: 1 | D72: 1 | E72: 1 | F72: =VLOOKUP(B72,[1]英雄基础!$A:$E,5,0) -> 魔·悟空 | G72: =VLOOKUP(B72,[1]英雄基础!$A:$D,4,0) -> 哈迪斯 | H72: 1
A73: 72 | B73: 401401 | C73: 1 | D73: 1 | E73: 1 | F73: =VLOOKUP(B73,[1]英雄基础!$A:$E,5,0) -> 九天玄女 | G73: 维纳斯 | H73: 1
A74: 73 | B74: 500801 | C74: 1 | D74: 1 | E74: 1 | F74: =VLOOKUP(B74,[1]英雄基础!$A:$E,5,0) -> 刑天 | G74: =VLOOKUP(B74,[1]英雄基础!$A:$E,4,1) -> 黑暗之主 | H74: 1
A75: 74 | B75: 401001 | C75: 1 | D75: 1 | E75: 1 | F75: =VLOOKUP(B75,[1]英雄基础!$A:$E,5,0) -> 玉帝 | G75: =VLOOKUP(B75,[1]英雄基础!$A:$E,4,1) -> 伊西斯 | H75: 1
A76: 75 | B76: 501301 | C76: 1 | D76: 1 | E76: 1 | F76: =VLOOKUP(B76,[1]英雄基础!$A:$E,5,0) -> 烛龙 | G76: =VLOOKUP(B76,[1]英雄基础!$A:$E,4,1) -> 黑龙 | H76: 1
A77: 76 | B77: 501401 | C77: 1 | D77: 1 | E77: 1 | F77: =VLOOKUP(B77,[1]英雄基础!$A:$E,5,0) -> 夜魅 | G77: =VLOOKUP(B77,[1]英雄基础!$A:$E,4,1) -> 阿蒙 | H77: 1
A78: 77 | B78: 302301 | C78: 1 | D78: 1 | E78: 1 | F78: 孔宣 | G78: =VLOOKUP(B78,[1]英雄基础!$A:$E,4,1) -> 阿波罗 | H78: 1
A79: 78 | B79: 501501 | C79: 1 | D79: 1 | E79: 1 | F79: =VLOOKUP(B79,[2]英雄基础!$A:$E,5,FALSE) -> 乌列 | G79: =VLOOKUP(B79,[2]英雄基础!$A:$D,4,1) -> 0 | H79: 1
A80: 79 | B80: 501601 | C80: 1 | D80: 1 | E80: 1 | F80: 冥河 | G80: =VLOOKUP(B80,[2]英雄基础!$A:$D,4,1) -> 0 | H80: 1
A81: 80 | B81: 401501 | C81: 1 | D81: 1 | E81: 1 | F81: 杨戬 | G81: =VLOOKUP(B81,[2]英雄基础!$A:$D,4,1) -> 0 | H81: 1
A82: 81 | B82: 401601 | C82: 1 | D82: 1 | E82: 1 | F82: 妈祖 | G82: =VLOOKUP(B82,[2]英雄基础!$A:$D,4,1) -> 0 | H82: 1
A83: 82 | B83: 401701 | C83: 1 | D83: 1 | E83: 1 | F83: 三圣母 | G83: =VLOOKUP(B83,[2]英雄基础!$A:$D,4,1) -> 0 | H83: 1
A84: 83 | B84: 501701 | C84: 1 | D84: 1 | E84: 1 | F84: 无天 | G84: =VLOOKUP(B84,[2]英雄基础!$A:$D,4,1) -> 0 | H84: 1
A85: 84 | B85: 401901 | C85: 1 | D85: 1 | E85: 1 | F85: 西王母 | G85: 原创英雄 | H85: 1
A86: 85 | B86: 302401 | C86: 1 | D86: 1 | E86: 1 | F86: 曼珠 | G86: 原创英雄 | H86: 1
A87: 86 | B87: 401801 | C87: 1 | D87: 1 | E87: 1 | F87: 珀龙 | G87: 原创英雄 | H87: 1
A88: 87 | B88: 501801 | C88: 1 | D88: 1 | E88: 1 | F88: 修罗 | G88: 原创英雄 | H88: 1
A89: 88 | B89: 200201 | C89: 6000 | D89: 2 | E89: 1 | F89: =VLOOKUP(B89,[1]英雄基础!$A:$E,5,0) -> 日游神 | G89: =VLOOKUP(B89,[1]英雄基础!$A:$D,4,0) -> 兽族步兵 | H89: 6000
A90: 89 | B90: 300301 | C90: 6000 | D90: 2 | E90: 1 | F90: =VLOOKUP(B90,[1]英雄基础!$A:$E,5,0) -> 花妖 | G90: =VLOOKUP(B90,[1]英雄基础!$A:$D,4,0) -> 死灵巫师 | H90: 6000
A91: 90 | B91: 100301 | C91: 6000 | D91: 2 | E91: 1 | F91: =VLOOKUP(B91,[1]英雄基础!$A:$E,5,0) -> 长弓手 | G91: =VLOOKUP(B91,[1]英雄基础!$A:$D,4,0) -> 精灵射手 | H91: 6000
A92: 91 | B92: 300701 | C92: 3500 | D92: 2 | E92: 1 | F92: =VLOOKUP(B92,[1]英雄基础!$A:$E,5,0) -> 玉兔 | G92: =VLOOKUP(B92,[1]英雄基础!$A:$D,4,0) -> 地狱火 | H92: 3500
A93: 92 | B93: 200801 | C93: 3500 | D93: 2 | E93: 1 | F93: =VLOOKUP(B93,[1]英雄基础!$A:$E,5,0) -> 笛仙 | G93: =VLOOKUP(B93,[1]英雄基础!$A:$D,4,0) -> 美狄亚 | H93: 3500
A94: 93 | B94: 100601 | C94: 3500 | D94: 2 | E94: 1 | F94: =VLOOKUP(B94,[1]英雄基础!$A:$E,5,0) -> 殿前禁卫 | G94: =VLOOKUP(B94,[1]英雄基础!$A:$D,4,0) -> 树界守卫 | H94: 3500
A95: 94 | B95: 300401 | C95: 3500 | D95: 2 | E95: 1 | F95: =VLOOKUP(B95,[1]英雄基础!$A:$E,5,0) -> 黑风 | G95: =VLOOKUP(B95,[1]英雄基础!$A:$D,4,0) -> 末日守卫 | H95: 3500
A96: 95 | B96: 100801 | C96: 3500 | D96: 2 | E96: 1 | F96: =VLOOKUP(B96,[1]英雄基础!$A:$E,5,0) -> 木吒 | G96: =VLOOKUP(B96,[1]英雄基础!$A:$D,4,0) -> 风暴猎手 | H96: 3500
A97: 96 | B97: 500101 | C97: 3500 | D97: 2 | E97: 1 | F97: =VLOOKUP(B97,[1]英雄基础!$A:$E,5,0) -> 鲛姬 | G97: =VLOOKUP(B97,[1]英雄基础!$A:$D,4,0) -> 巨魔巫医 | H97: 3500
A98: 97 | B98: 400101 | C98: 2000 | D98: 2 | E98: 1 | F98: =VLOOKUP(B98,[1]英雄基础!$A:$E,5,0) -> 精卫 | G98: =VLOOKUP(B98,[1]英雄基础!$A:$D,4,0) -> 光之苏尔 | H98: 2000
A99: 98 | B99: 200501 | C99: 2000 | D99: 2 | E99: 1 | F99: =VLOOKUP(B99,[1]英雄基础!$A:$E,5,0) -> 玉女 | G99: =VLOOKUP(B99,[1]英雄基础!$A:$D,4,0) -> 月之骑士 | H99: 2000
A100: 99 | B100: 100901 | C100: 500 | D100: 2 | E100: 1 | F100: =VLOOKUP(B100,[1]英雄基础!$A:$E,5,0) -> 黄飞虎 | G100: =VLOOKUP(B100,[1]英雄基础!$A:$D,4,0) -> 圣锤提尔 | H100: 500
... A123: 122 | B123: 101701 | C123: 5 | D123: 2 | E123: 1 | F123: =VLOOKUP(B123,[1]英雄基础!$A:$E,5,0) -> 后羿 | G123: =VLOOKUP(B123,[1]英雄基础!$A:$D,4,0) -> 芬尼尔 | H123: 5
A124: 123 | B124: 102301 | C124: 5 | D124: 2 | E124: 1 | F124: 花木兰 | G124: =VLOOKUP(B124,[1]英雄基础!$A:$D,4,0) -> 原创英雄 | H124: 5
A125: 124 | B125: 301401 | C125: 5 | D125: 2 | E125: 1 | F125: =VLOOKUP(B125,[1]英雄基础!$A:$E,5,0) -> 红孩儿 | G125: =VLOOKUP(B125,[1]英雄基础!$A:$D,4,0) -> 菲尼克斯 | H125: 5
A126: 125 | B126: 301701 | C126: 28 | D126: 2 | E126: 1 | F126: =VLOOKUP(B126,[1]英雄基础!$A:$E,5,0) -> 牛魔王 | G126: =VLOOKUP(B126,[1]英雄基础!$A:$D,4,0) -> 炽天使 | H126: 29
A127: 126 | B127: 301601 | C127: 5 | D127: 2 | E127: 1 | F127: =VLOOKUP(B127,[1]英雄基础!$A:$E,5,0) -> 混天大圣 | G127: =VLOOKUP(B127,[1]英雄基础!$A:$D,4,0) -> 洛基 | H127: 5
A128: 127 | B128: 301801 | C128: 34 | D128: 2 | E128: 1 | F128: =VLOOKUP(B128,[1]英雄基础!$A:$E,5,0) -> 擎苍 | G128: =VLOOKUP(B128,[1]英雄基础!$A:$D,4,0) -> 剑豪卡赞 | H128: 33
A129: 128 | B129: 302001 | C129: 5 | D129: 2 | E129: 1 | F129: =VLOOKUP(B129,[1]英雄基础!$A:$E,5,0) -> 敖丙 | G129: =VLOOKUP(B129,[1]英雄基础!$A:$D,4,0) -> 瓦尔基里 | H129: 5
A130: 129 | B130: 302101 | C130: 29 | D130: 2 | E130: 1 | F130: =VLOOKUP(B130,[1]英雄基础!$A:$E,5,0) -> 白骨夫人 | G130: =VLOOKUP(B130,[1]英雄基础!$A:$D,4,0) -> 炎魔之王 | H130: 29
A131: 130 | B131: 301901 | C131: 34 | D131: 2 | E131: 1 | F131: =VLOOKUP(B131,[1]英雄基础!$A:$E,5,0) -> 金乌 | G131: =VLOOKUP(B131,[1]英雄基础!$A:$D,4,0) -> 吸血伯爵 | H131: 34
A132: 131 | B132: 302201 | C132: 10 | D132: 2 | E132: 1 | F132: =VLOOKUP(B132,[1]英雄基础!$A:$E,5,0) -> 妲己 | G132: =VLOOKUP(B132,[1]英雄基础!$A:$D,4,0) -> 阿波罗 | H132: 10
A133: 132 | B133: 301501 | C133: 10 | D133: 2 | E133: 1 | F133: =VLOOKUP(B133,[1]英雄基础!$A:$E,5,0) -> 石矶 | G133: =VLOOKUP(B133,[1]英雄基础!$A:$D,4,0) -> 普罗米修斯 | H133: 10
A134: 133 | B134: 201401 | C134: 35 | D134: 2 | E134: 1 | F134: =VLOOKUP(B134,[1]英雄基础!$A:$E,5,0) -> 天蓬元帅 | G134: =VLOOKUP(B134,[1]英雄基础!$A:$D,4,0) -> 阿瑞斯 | H134: 35
A135: 134 | B135: 202001 | C135: 10 | D135: 2 | E135: 1 | F135: =VLOOKUP(B135,[1]英雄基础!$A:$E,5,0) -> 通天教主 | G135: =VLOOKUP(B135,[1]英雄基础!$A:$D,4,0) -> 冰霜巨龙 | H135: 10
A136: 135 | B136: 201601 | C136: 30 | D136: 2 | E136: 1 | F136: =VLOOKUP(B136,[1]英雄基础!$A:$E,5,0) -> 南极仙子 | G136: =VLOOKUP(B136,[1]英雄基础!$A:$D,4,0) -> 派西斯 | H136: 30
... A141: 140 | B141: 201501 | C141: 30 | D141: 2 | E141: 1 | F141: =VLOOKUP(B141,[1]英雄基础!$A:$E,5,0) -> 卷帘大将 | G141: =VLOOKUP(B141,[1]英雄基础!$A:$D,4,0) -> 泰坦 | H141: 30
A142: 141 | B142: 202401 | C142: 10 | D142: 2 | E142: 1 | F142: 玄奘 | G142: =VLOOKUP(B142,[1]英雄基础!$A:$D,4,0) -> 利维坦 | H142: 10
A143: 142 | B143: 202301 | C143: 10 | D143: 2 | E143: 1 | F143: 白龙 | G143: =VLOOKUP(B143,[1]英雄基础!$A:$D,4,0) -> 原创英雄 | H143: 10
A144: 143 | B144: 501201 | C144: 2 | D144: 2 | E144: 1 | F144: =VLOOKUP(B144,[1]英雄基础!$A:$E,5,0) -> 东皇太一 | G144: =VLOOKUP(B144,[1]英雄基础!$A:$D,4,0) -> 阿努比斯 | H144: 3
A145: 144 | B145: 500701 | C145: 2 | D145: 2 | E145: 1 | F145: =VLOOKUP(B145,[1]英雄基础!$A:$E,5,0) -> 孟婆 | G145: =VLOOKUP(B145,[1]英雄基础!$A:$D,4,0) -> 潘多拉 | H145: 2
A146: 145 | B146: 400701 | C146: 1 | D146: 2 | E146: 1 | F146: =VLOOKUP(B146,[1]英雄基础!$A:$E,5,0) -> 神农 | G146: =VLOOKUP(B146,[1]英雄基础!$A:$D,4,0) -> 拉斐尔 | H146: 1
A147: 146 | B147: 401201 | C147: 1 | D147: 2 | E147: 1 | F147: =VLOOKUP(B147,[1]英雄基础!$A:$E,5,0) -> 共工 | G147: =VLOOKUP(B147,[1]英雄基础!$A:$D,4,0) -> 赫拉 | H147: 2
A148: 147 | B148: 401301 | C148: 2 | D148: 2 | E148: 1 | F148: =VLOOKUP(B148,[1]英雄基础!$A:$E,5,0) -> 祝融 | G148: =VLOOKUP(B148,[1]英雄基础!$A:$D,4,0) -> 宙斯 | H148: 2
A149: 148 | B149: 400601 | C149: 1 | D149: 2 | E149: 1 | F149: =VLOOKUP(B149,[1]英雄基础!$A:$E,5,0) -> 盘古 | G149: =VLOOKUP(B149,[1]英雄基础!$A:$D,4,0) -> 盖亚 | H149: 1
A150: 149 | B150: 500601 | C150: 2 | D150: 2 | E150: 1 | F150: =VLOOKUP(B150,[1]英雄基础!$A:$E,5,0) -> 蚩尤 | G150: =VLOOKUP(B150,[1]英雄基础!$A:$D,4,0) -> 亚巴顿 | H150: 2
A151: 150 | B151: 400901 | C151: 2 | D151: 2 | E151: 1 | F151: =VLOOKUP(B151,[1]英雄基础!$A:$E,5,0) -> 鲲 | G151: =VLOOKUP(B151,[1]英雄基础!$A:$D,4,0) -> 神灵大祭司 | H151: 2
A152: 151 | B152: 501101 | C152: 5 | D152: 2 | E152: 1 | F152: =VLOOKUP(B152,[1]英雄基础!$A:$E,5,0) -> 阎君 | G152: =VLOOKUP(B152,[1]英雄基础!$A:$D,4,0) -> 蛇女墨莎 | H152: 4
A153: 152 | B153: 400801 | C153: 3 | D153: 2 | E153: 1 | F153: =VLOOKUP(B153,[1]英雄基础!$A:$E,5,0) -> 女娲 | G153: =VLOOKUP(B153,[1]英雄基础!$A:$D,4,0) -> 艾蕾莉亚 | H153: 3
A154: 153 | B154: 501001 | C154: 1 | D154: 2 | E154: 1 | F154: =VLOOKUP(B154,[1]英雄基础!$A:$E,5,0) -> 黄泉 | G154: =VLOOKUP(B154,[1]英雄基础!$A:$D,4,0) -> 海拉 | H154: 1
A155: 154 | B155: 500901 | C155: 1 | D155: 2 | E155: 1 | F155: =VLOOKUP(B155,[1]英雄基础!$A:$E,5,0) -> 魔·悟空 | G155: =VLOOKUP(B155,[1]英雄基础!$A:$D,4,0) -> 哈迪斯 | H155: 1
...

Sheet 英雄召唤作弊
A1: ID | B1: 召唤模式 | C1: 召唤次数 | D1: 星组
A2: 1 | B2: 2 | C2: 1 | D2: 99
A3: 2 | B3: 2 | C3: 2 | D3: 98
A4: 3 | B4: 2 | C4: 4 | D4: 98
A5: 4 | B5: 2 | C5: 10 | D5: 1001
A6: 5 | B6: 2 | C6: 20 | D6: 1002

Sheet Sheet(基础召唤概率)
A1: 英雄ID | B1: 名字 | C1: 闪烁之光角色 | D1: 星级 | E1: 概率 | F1: 子包概率 | G1: 取后四位 | H1: 万分比计算 | I1: 修正
A2: 100101 | B2: Phương thuật sĩ | C2: =VLOOKUP(B2,[2]英雄技能!$D:$E,2,0) -> #N/A | D2: 1 | E2: 0.17821 | F2: =IF(D2=1,E2/0.53,IF(D2=2,E2/0.36,IF(D2=3,E2/0.091,IF(D2=4,E2/0.015,E2/0.004)))) -> 0.33624528 | G2: =ROUND(F2,4) -> 0.3362 | H2: =G2*10000 -> 3362 | I2: 3334
A3: 100201 | B3: Y sư | C3: =VLOOKUP(B3,[2]英雄技能!$D:$E,2,0) -> #N/A | D3: 2 | E3: 0.06 | F3: =IF(D3=1,E3/0.53,IF(D3=2,E3/0.36,IF(D3=3,E3/0.091,IF(D3=4,E3/0.015,E3/0.004)))) -> 0.16666667 | G3: =ROUND(F3,4) -> 0.1667 | H3: =G3*10000 -> 1667 | I3: 1667
A4: 100301 | B4: Trường cung tay | C4: =VLOOKUP(B4,[2]英雄技能!$D:$E,2,0) -> #N/A | D4: 2 | E4: 0.06 | F4: =IF(D4=1,E4/0.53,IF(D4=2,E4/0.36,IF(D4=3,E4/0.091,IF(D4=4,E4/0.015,E4/0.004)))) -> 0.16666667 | G4: =ROUND(F4,4) -> 0.1667 | H4: =G4*10000 -> 1667 | I4: 1667
A5: 100401 | B5: Kim Ngô Vệ | C5: =VLOOKUP(B5,[2]英雄技能!$D:$E,2,0) -> #N/A | D5: 3 | E5: 0.00535 | F5: =IF(D5=1,E5/0.53,IF(D5=2,E5/0.36,IF(D5=3,E5/0.091,IF(D5=4,E5/0.015,E5/0.004)))) -> 0.058791209 | G5: =ROUND(F5,4) -> 0.0588 | H5: =G5*10000 -> 588 | I5: 625
A6: 100501 | B6: Trước điện cấm vệ | C6: =VLOOKUP(B6,[2]英雄技能!$D:$E,2,0) -> #N/A | D6: 3 | E6: 0.00535 | F6: =IF(D6=1,E6/0.53,IF(D6=2,E6/0.36,IF(D6=3,E6/0.091,IF(D6=4,E6/0.015,E6/0.004)))) -> 0.058791209 | G6: =ROUND(F6,4) -> 0.0588 | H6: =G6*10000 -> 588 | I6: 625
A7: 100601 | B7: Hổ Báo kỵ | C7: =VLOOKUP(B7,[2]英雄技能!$D:$E,2,0) -> #N/A | D7: 3 | E7: 0.00535 | F7: =IF(D7=1,E7/0.53,IF(D7=2,E7/0.36,IF(D7=3,E7/0.091,IF(D7=4,E7/0.015,E7/0.004)))) -> 0.058791209 | G7: =ROUND(F7,4) -> 0.0588 | H7: =G7*10000 -> 588 | I7: 625
A8: 100701 | B8: Yến đỏ hiệp | C8: =VLOOKUP(B8,[2]英雄技能!$D:$E,2,0) -> #N/A | D8: 3 | E8: 0.00535 | F8: =IF(D8=1,E8/0.53,IF(D8=2,E8/0.36,IF(D8=3,E8/0.091,IF(D8=4,E8/0.015,E8/0.004)))) -> 0.058791209 | G8: =ROUND(F8,4) -> 0.0588 | H8: =G8*10000 -> 588 | I8: 625
A9: 100801 | B9: Mộc Tra | C9: =VLOOKUP(B9,[2]英雄技能!$D:$E,2,0) -> #N/A | D9: 3 | E9: 0.00535 | F9: =IF(D9=1,E9/0.53,IF(D9=2,E9/0.36,IF(D9=3,E9/0.091,IF(D9=4,E9/0.015,E9/0.004)))) -> 0.058791209 | G9: =ROUND(F9,4) -> 0.0588 | H9: =G9*10000 -> 588 | I9: 625
A10: 100901 | B10: Trụ Vương | C10: =VLOOKUP(B10,[2]英雄技能!$D:$E,2,0) -> #N/A | D10: 4 | E10: 0.00066 | F10: =IF(D10=1,E10/0.53,IF(D10=2,E10/0.36,IF(D10=3,E10/0.091,IF(D10=4,E10/0.015,E10/0.004)))) -> 0.044 | G10: =ROUND(F10,4) -> 0.044 | H10: =G10*10000 -> 440 | I10: 417
A11: 101001 | B11: Kim Tra | C11: =VLOOKUP(B11,[2]英雄技能!$D:$E,2,0) -> #N/A | D11: 4 | E11: 0.00066 | F11: =IF(D11=1,E11/0.53,IF(D11=2,E11/0.36,IF(D11=3,E11/0.091,IF(D11=4,E11/0.015,E11/0.004)))) -> 0.044 | G11: =ROUND(F11,4) -> 0.044 | H11: =G11*10000 -> 440 | I11: 417
A12: 101101 | B12: Văn Trọng | C12: =VLOOKUP(B12,[2]英雄技能!$D:$E,2,0) -> #N/A | D12: 4 | E12: 0.00066 | F12: =IF(D12=1,E12/0.53,IF(D12=2,E12/0.36,IF(D12=3,E12/0.091,IF(D12=4,E12/0.015,E12/0.004)))) -> 0.044 | G12: =ROUND(F12,4) -> 0.044 | H12: =G12*10000 -> 440 | I12: 417
A13: 101201 | B13: Hoàng Phi Hổ | C13: =VLOOKUP(B13,[2]英雄技能!$D:$E,2,0) -> #N/A | D13: 4 | E13: 0.00066 | F13: =IF(D13=1,E13/0.53,IF(D13=2,E13/0.36,IF(D13=3,E13/0.091,IF(D13=4,E13/0.015,E13/0.004)))) -> 0.044 | G13: =ROUND(F13,4) -> 0.044 | H13: =G13*10000 -> 440 | I13: 417
A14: 101301 | B14: Cơ Phát | C14: =VLOOKUP(B14,[2]英雄技能!$D:$E,2,0) -> #N/A | D14: 4 | E14: 0.00066 | F14: =IF(D14=1,E14/0.53,IF(D14=2,E14/0.36,IF(D14=3,E14/0.091,IF(D14=4,E14/0.015,E14/0.004)))) -> 0.044 | G14: =ROUND(F14,4) -> 0.044 | H14: =G14*10000 -> 440 | I14: 417
A15: 101401 | B15: Dương Tiễn | C15: =VLOOKUP(B15,[2]英雄技能!$D:$E,2,0) -> #N/A | D15: 5 | E15: 0.00011 | F15: =IF(D15=1,E15/0.53,IF(D15=2,E15/0.36,IF(D15=3,E15/0.091,IF(D15=4,E15/0.015,E15/0.004)))) -> 0.0275 | G15: =ROUND(F15,4) -> 0.0275 | H15: =G15*10000 -> 275 | I15: =H15 -> 275
A16: 101501 | B16: Đặng Thiền Ngọc | C16: =VLOOKUP(B16,[2]英雄技能!$D:$E,2,0) -> #N/A | D16: 5 | E16: 0.00023 | F16: =IF(D16=1,E16/0.53,IF(D16=2,E16/0.36,IF(D16=3,E16/0.091,IF(D16=4,E16/0.015,E16/0.004)))) -> 0.0575 | G16: =ROUND(F16,4) -> 0.0575 | H16: =G16*10000 -> 575 | I16: =H16 -> 575
A17: 101601 | B17: Hằng Nga | C17: =VLOOKUP(B17,[2]英雄技能!$D:$E,2,0) -> #N/A | D17: 5 | E17: 3e-05 | F17: =IF(D17=1,E17/0.53,IF(D17=2,E17/0.36,IF(D17=3,E17/0.091,IF(D17=4,E17/0.015,E17/0.004)))) -> 0.0075 | G17: =ROUND(F17,4) -> 0.0075 | H17: =G17*10000 -> 75 | I17: =H17 -> 75
A18: 101701 | B18: Thân không báo | C18: =VLOOKUP(B18,[2]英雄技能!$D:$E,2,0) -> #N/A | D18: 5 | E18: 3e-05 | F18: =IF(D18=1,E18/0.53,IF(D18=2,E18/0.36,IF(D18=3,E18/0.091,IF(D18=4,E18/0.015,E18/0.004)))) -> 0.0075 | G18: =ROUND(F18,4) -> 0.0075 | H18: =G18*10000 -> 75 | I18: =H18 -> 75
A19: 101801 | B19: Hậu Nghệ | C19: =VLOOKUP(B19,[2]英雄技能!$D:$E,2,0) -> #N/A | D19: 5 | E19: 0.00011 | F19: =IF(D19=1,E19/0.53,IF(D19=2,E19/0.36,IF(D19=3,E19/0.091,IF(D19=4,E19/0.015,E19/0.004)))) -> 0.0275 | G19: =ROUND(F19,4) -> 0.0275 | H19: =G19*10000 -> 275 | I19: =H19 -> 275
A20: 101901 | B20: Lý Tĩnh | C20: =VLOOKUP(B20,[2]英雄技能!$D:$E,2,0) -> #N/A | D20: 5 | E20: 3e-05 | F20: =IF(D20=1,E20/0.53,IF(D20=2,E20/0.36,IF(D20=3,E20/0.091,IF(D20=4,E20/0.015,E20/0.004)))) -> 0.0075 | G20: =ROUND(F20,4) -> 0.0075 | H20: =G20*10000 -> 75 | I20: =H20 -> 75
A21: 102001 | B21: Na Tra | C21: =VLOOKUP(B21,[2]英雄技能!$D:$E,2,0) -> #N/A | D21: 5 | E21: 3e-05 | F21: =IF(D21=1,E21/0.53,IF(D21=2,E21/0.36,IF(D21=3,E21/0.091,IF(D21=4,E21/0.015,E21/0.004)))) -> 0.0075 | G21: =ROUND(F21,4) -> 0.0075 | H21: =G21*10000 -> 75 | I21: =H21 -> 75
A22: 102101 | B22: Khương Tử Nha | C22: =VLOOKUP(B22,[2]英雄技能!$D:$E,2,0) -> #N/A | D22: 5 | E22: 0.00011 | F22: =IF(D22=1,E22/0.53,IF(D22=2,E22/0.36,IF(D22=3,E22/0.091,IF(D22=4,E22/0.015,E22/0.004)))) -> 0.0275 | G22: =ROUND(F22,4) -> 0.0275 | H22: =G22*10000 -> 275 | I22: =H22 -> 275
A23: 102201 | B23: Lôi Chấn Tử | C23: =VLOOKUP(B23,[2]英雄技能!$D:$E,2,0) -> #N/A | D23: 5 | E23: 0.00023 | F23: =IF(D23=1,E23/0.53,IF(D23=2,E23/0.36,IF(D23=3,E23/0.091,IF(D23=4,E23/0.015,E23/0.004)))) -> 0.0575 | G23: =ROUND(F23,4) -> 0.0575 | H23: =G23*10000 -> 575 | I23: =H23 -> 575
A24: 200101 | B24: Tiên đồng | C24: =VLOOKUP(B24,[2]英雄技能!$D:$E,2,0) -> #N/A | D24: 1 | E24: 0.17821 | F24: =IF(D24=1,E24/0.53,IF(D24=2,E24/0.36,IF(D24=3,E24/0.091,IF(D24=4,E24/0.015,E24/0.004)))) -> 0.33624528 | G24: =ROUND(F24,4) -> 0.3362 | H24: =G24*10000 -> 3362 | I24: 3333
A25: 200201 | B25: Nhật du thần | C25: =VLOOKUP(B25,[2]英雄技能!$D:$E,2,0) -> #N/A | D25: 2 | E25: 0.06 | F25: =IF(D25=1,E25/0.53,IF(D25=2,E25/0.36,IF(D25=3,E25/0.091,IF(D25=4,E25/0.015,E25/0.004)))) -> 0.16666667 | G25: =ROUND(F25,4) -> 0.1667 | H25: =G25*10000 -> 1667 | I25: 1667
A26: 200301 | B26: Thần dạ du | C26: =VLOOKUP(B26,[2]英雄技能!$D:$E,2,0) -> #N/A | D26: 2 | E26: 0.06 | F26: =IF(D26=1,E26/0.53,IF(D26=2,E26/0.36,IF(D26=3,E26/0.091,IF(D26=4,E26/0.015,E26/0.004)))) -> 0.16666667 | G26: =ROUND(F26,4) -> 0.1667 | H26: =G26*10000 -> 1667 | I26: 1667
A27: 200401 | B27: Kim Đồng | C27: =VLOOKUP(B27,[2]英雄技能!$D:$E,2,0) -> #N/A | D27: 3 | E27: 0.00535 | F27: =IF(D27=1,E27/0.53,IF(D27=2,E27/0.36,IF(D27=3,E27/0.091,IF(D27=4,E27/0.015,E27/0.004)))) -> 0.058791209 | G27: =ROUND(F27,4) -> 0.0588 | H27: =G27*10000 -> 588 | I27: 625
A28: 200501 | B28: Ngọc nữ | C28: =VLOOKUP(B28,[2]英雄技能!$D:$E,2,0) -> #N/A | D28: 3 | E28: 0.00535 | F28: =IF(D28=1,E28/0.53,IF(D28=2,E28/0.36,IF(D28=3,E28/0.091,IF(D28=4,E28/0.015,E28/0.004)))) -> 0.058791209 | G28: =ROUND(F28,4) -> 0.0588 | H28: =G28*10000 -> 588 | I28: 625
A29: 200601 | B29: Thanh tiêu | C29: =VLOOKUP(B29,[2]英雄技能!$D:$E,2,0) -> #N/A | D29: 3 | E29: 0.00535 | F29: =IF(D29=1,E29/0.53,IF(D29=2,E29/0.36,IF(D29=3,E29/0.091,IF(D29=4,E29/0.015,E29/0.004)))) -> 0.058791209 | G29: =ROUND(F29,4) -> 0.0588 | H29: =G29*10000 -> 588 | I29: 625
A30: 200701 | B30: Long Cát công chúa | C30: =VLOOKUP(B30,[2]英雄技能!$D:$E,2,0) -> #N/A | D30: 3 | E30: 0.00535 | F30: =IF(D30=1,E30/0.53,IF(D30=2,E30/0.36,IF(D30=3,E30/0.091,IF(D30=4,E30/0.015,E30/0.004)))) -> 0.058791209 | G30: =ROUND(F30,4) -> 0.0588 | H30: =G30*10000 -> 588 | I30: 625
A31: 200801 | B31: Bạch long | C31: =VLOOKUP(B31,[2]英雄技能!$D:$E,2,0) -> #N/A | D31: 3 | E31: 0.00535 | F31: =IF(D31=1,E31/0.53,IF(D31=2,E31/0.36,IF(D31=3,E31/0.091,IF(D31=4,E31/0.015,E31/0.004)))) -> 0.058791209 | G31: =ROUND(F31,4) -> 0.0588 | H31: =G31*10000 -> 588 | I31: 625
A32: 200901 | B32: Thái Bạch Kim Tinh | C32: =VLOOKUP(B32,[2]英雄技能!$D:$E,2,0) -> #N/A | D32: 4 | E32: 0.00066 | F32: =IF(D32=1,E32/0.53,IF(D32=2,E32/0.36,IF(D32=3,E32/0.091,IF(D32=4,E32/0.015,E32/0.004)))) -> 0.044 | G32: =ROUND(F32,4) -> 0.044 | H32: =G32*10000 -> 440 | I32: 417
A33: 201001 | B33: Nguyệt lão | C33: =VLOOKUP(B33,[2]英雄技能!$D:$E,2,0) -> #N/A | D33: 4 | E33: 0.00066 | F33: =IF(D33=1,E33/0.53,IF(D33=2,E33/0.36,IF(D33=3,E33/0.091,IF(D33=4,E33/0.015,E33/0.004)))) -> 0.044 | G33: =ROUND(F33,4) -> 0.044 | H33: =G33*10000 -> 440 | I33: 417
A34: 201101 | B34: Chức Nữ | C34: =VLOOKUP(B34,[2]英雄技能!$D:$E,2,0) -> #N/A | D34: 4 | E34: 0.00066 | F34: =IF(D34=1,E34/0.53,IF(D34=2,E34/0.36,IF(D34=3,E34/0.091,IF(D34=4,E34/0.015,E34/0.004)))) -> 0.044 | G34: =ROUND(F34,4) -> 0.044 | H34: =G34*10000 -> 440 | I34: 417
A35: 201201 | B35: Hà Bá | C35: =VLOOKUP(B35,[2]英雄技能!$D:$E,2,0) -> #N/A | D35: 4 | E35: 0.00066 | F35: =IF(D35=1,E35/0.53,IF(D35=2,E35/0.36,IF(D35=3,E35/0.091,IF(D35=4,E35/0.015,E35/0.004)))) -> 0.044 | G35: =ROUND(F35,4) -> 0.044 | H35: =G35*10000 -> 440 | I35: 417
A36: 201301 | B36: Vũ Sư | C36: =VLOOKUP(B36,[2]英雄技能!$D:$E,2,0) -> #N/A | D36: 4 | E36: 0.00066 | F36: =IF(D36=1,E36/0.53,IF(D36=2,E36/0.36,IF(D36=3,E36/0.091,IF(D36=4,E36/0.015,E36/0.004)))) -> 0.044 | G36: =ROUND(F36,4) -> 0.044 | H36: =G36*10000 -> 440 | I36: 417
A37: 201401 | B37: Quyển Liêm Đại Tướng | C37: =VLOOKUP(B37,[2]英雄技能!$D:$E,2,0) -> #N/A | D37: 5 | E37: 0.00023 | F37: =IF(D37=1,E37/0.53,IF(D37=2,E37/0.36,IF(D37=3,E37/0.091,IF(D37=4,E37/0.015,E37/0.004)))) -> 0.0575 | G37: =ROUND(F37,4) -> 0.0575 | H37: =G37*10000 -> 575 | I37: =H37 -> 575
A38: 201501 | B38: Thiên Bồng nguyên soái | C38: =VLOOKUP(B38,[2]英雄技能!$D:$E,2,0) -> #N/A | D38: 5 | E38: 3e-05 | F38: =IF(D38=1,E38/0.53,IF(D38=2,E38/0.36,IF(D38=3,E38/0.091,IF(D38=4,E38/0.015,E38/0.004)))) -> 0.0075 | G38: =ROUND(F38,4) -> 0.0075 | H38: =G38*10000 -> 75 | I38: =H38 -> 75
A39: 201601 | B39: Nam Cực Tiên Ông | C39: =VLOOKUP(B39,[2]英雄技能!$D:$E,2,0) -> #N/A | D39: 5 | E39: 0.00011 | F39: =IF(D39=1,E39/0.53,IF(D39=2,E39/0.36,IF(D39=3,E39/0.091,IF(D39=4,E39/0.015,E39/0.004)))) -> 0.0275 | G39: =ROUND(F39,4) -> 0.0275 | H39: =G39*10000 -> 275 | I39: =H39 -> 275
A40: 201701 | B40: Tài thần | C40: =VLOOKUP(B40,[2]英雄技能!$D:$E,2,0) -> #N/A | D40: 5 | E40: 0.00023 | F40: =IF(D40=1,E40/0.53,IF(D40=2,E40/0.36,IF(D40=3,E40/0.091,IF(D40=4,E40/0.015,E40/0.004)))) -> 0.0575 | G40: =ROUND(F40,4) -> 0.0575 | H40: =G40*10000 -> 575 | I40: =H40 -> 575
A41: 201801 | B41: Đấu Chiến Thắng Phật | C41: =VLOOKUP(B41,[2]英雄技能!$D:$E,2,0) -> #N/A | D41: 5 | E41: 3e-05 | F41: =IF(D41=1,E41/0.53,IF(D41=2,E41/0.36,IF(D41=3,E41/0.091,IF(D41=4,E41/0.015,E41/0.004)))) -> 0.0075 | G41: =ROUND(F41,4) -> 0.0075 | H41: =G41*10000 -> 75 | I41: =H41 -> 75
A42: 201901 | B42: Thái Ất chân nhân | C42: =VLOOKUP(B42,[2]英雄技能!$D:$E,2,0) -> #N/A | D42: 5 | E42: 3e-05 | F42: =IF(D42=1,E42/0.53,IF(D42=2,E42/0.36,IF(D42=3,E42/0.091,IF(D42=4,E42/0.015,E42/0.004)))) -> 0.0075 | G42: =ROUND(F42,4) -> 0.0075 | H42: =G42*10000 -> 75 | I42: =H42 -> 75
A43: 202001 | B43: Thái Thượng Lão Quân | C43: =VLOOKUP(B43,[2]英雄技能!$D:$E,2,0) -> #N/A | D43: 5 | E43: 0.00011 | F43: =IF(D43=1,E43/0.53,IF(D43=2,E43/0.36,IF(D43=3,E43/0.091,IF(D43=4,E43/0.015,E43/0.004)))) -> 0.0275 | G43: =ROUND(F43,4) -> 0.0275 | H43: =G43*10000 -> 275 | I43: =H43 -> 275
A44: 202101 | B44: Nguyên Thủy Thiên Tôn | C44: =VLOOKUP(B44,[2]英雄技能!$D:$E,2,0) -> #N/A | D44: 5 | E44: 0.00011 | F44: =IF(D44=1,E44/0.53,IF(D44=2,E44/0.36,IF(D44=3,E44/0.091,IF(D44=4,E44/0.015,E44/0.004)))) -> 0.0275 | G44: =ROUND(F44,4) -> 0.0275 | H44: =G44*10000 -> 275 | I44: =H44 -> 275
A45: 202201 | B45: Vân Trung Tử | C45: =VLOOKUP(B45,[2]英雄技能!$D:$E,2,0) -> #N/A | D45: 5 | E45: 0.00023 | F45: =IF(D45=1,E45/0.53,IF(D45=2,E45/0.36,IF(D45=3,E45/0.091,IF(D45=4,E45/0.015,E45/0.004)))) -> 0.0575 | G45: =ROUND(F45,4) -> 0.0575 | H45: =G45*10000 -> 575 | I45: =H45 -> 575
A46: 202301 | B46: Cửu Thiên Huyền Nữ | C46: =VLOOKUP(B46,[2]英雄技能!$D:$E,2,0) -> #N/A | D46: 5 | E46: 3e-05 | F46: =IF(D46=1,E46/0.53,IF(D46=2,E46/0.36,IF(D46=3,E46/0.091,IF(D46=4,E46/0.015,E46/0.004)))) -> 0.0075 | G46: =ROUND(F46,4) -> 0.0075 | H46: =G46*10000 -> 75 | I46: =H46 -> 75
A47: 300101 | B47: Tướng Thần | C47: =VLOOKUP(B47,[2]英雄技能!$D:$E,2,0) -> #N/A | D47: 1 | E47: 0.17822 | F47: =IF(D47=1,E47/0.53,IF(D47=2,E47/0.36,IF(D47=3,E47/0.091,IF(D47=4,E47/0.015,E47/0.004)))) -> 0.33626415 | G47: =ROUND(F47,4) -> 0.3363 | H47: =G47*10000 -> 3363 | I47: 3333
A48: 300201 | B48: U linh | C48: =VLOOKUP(B48,[2]英雄技能!$D:$E,2,0) -> #N/A | D48: 2 | E48: 0.06 | F48: =IF(D48=1,E48/0.53,IF(D48=2,E48/0.36,IF(D48=3,E48/0.091,IF(D48=4,E48/0.015,E48/0.004)))) -> 0.16666667 | G48: =ROUND(F48,4) -> 0.1667 | H48: =G48*10000 -> 1667 | I48: 1666
A49: 300301 | B49: Hoa yêu | C49: =VLOOKUP(B49,[2]英雄技能!$D:$E,2,0) -> #N/A | D49: 2 | E49: 0.06 | F49: =IF(D49=1,E49/0.53,IF(D49=2,E49/0.36,IF(D49=3,E49/0.091,IF(D49=4,E49/0.015,E49/0.004)))) -> 0.16666667 | G49: =ROUND(F49,4) -> 0.1667 | H49: =G49*10000 -> 1667 | I49: 1666
A50: 300401 | B50: Hắc Phong | C50: =VLOOKUP(B50,[2]英雄技能!$D:$E,2,0) -> #N/A | D50: 3 | E50: 0.00535 | F50: =IF(D50=1,E50/0.53,IF(D50=2,E50/0.36,IF(D50=3,E50/0.091,IF(D50=4,E50/0.015,E50/0.004)))) -> 0.058791209 | G50: =ROUND(F50,4) -> 0.0588 | H50: =G50*10000 -> 588 | I50: 625
A51: 300501 | B51: Sơn quỷ | C51: =VLOOKUP(B51,[2]英雄技能!$D:$E,2,0) -> #N/A | D51: 3 | E51: 0.00535 | F51: =IF(D51=1,E51/0.53,IF(D51=2,E51/0.36,IF(D51=3,E51/0.091,IF(D51=4,E51/0.015,E51/0.004)))) -> 0.058791209 | G51: =ROUND(F51,4) -> 0.0588 | H51: =G51*10000 -> 588 | I51: 625
A52: 300601 | B52: Bá Pol chạy | C52: =VLOOKUP(B52,[2]英雄技能!$D:$E,2,0) -> #N/A | D52: 3 | E52: 0.00535 | F52: =IF(D52=1,E52/0.53,IF(D52=2,E52/0.36,IF(D52=3,E52/0.091,IF(D52=4,E52/0.015,E52/0.004)))) -> 0.058791209 | G52: =ROUND(F52,4) -> 0.0588 | H52: =G52*10000 -> 588 | I52: 625
A53: 300701 | B53: Thỏ ngọc | C53: =VLOOKUP(B53,[2]英雄技能!$D:$E,2,0) -> #N/A | D53: 3 | E53: 0.00535 | F53: =IF(D53=1,E53/0.53,IF(D53=2,E53/0.36,IF(D53=3,E53/0.091,IF(D53=4,E53/0.015,E53/0.004)))) -> 0.058791209 | G53: =ROUND(F53,4) -> 0.0588 | H53: =G53*10000 -> 588 | I53: 625
A54: 300801 | B54: Bôn ba mà bá | C54: =VLOOKUP(B54,[2]英雄技能!$D:$E,2,0) -> #N/A | D54: 4 | E54: 0.00066 | F54: =IF(D54=1,E54/0.53,IF(D54=2,E54/0.36,IF(D54=3,E54/0.091,IF(D54=4,E54/0.015,E54/0.004)))) -> 0.044 | G54: =ROUND(F54,4) -> 0.044 | H54: =G54*10000 -> 440 | I54: 417
A55: 300901 | B55: Ngân giác đại vương | C55: =VLOOKUP(B55,[2]英雄技能!$D:$E,2,0) -> #N/A | D55: 4 | E55: 0.00066 | F55: =IF(D55=1,E55/0.53,IF(D55=2,E55/0.36,IF(D55=3,E55/0.091,IF(D55=4,E55/0.015,E55/0.004)))) -> 0.044 | G55: =ROUND(F55,4) -> 0.044 | H55: =G55*10000 -> 440 | I55: 417
A56: 301001 | B56: Quỷ Tướng | C56: =VLOOKUP(B56,[2]英雄技能!$D:$E,2,0) -> #N/A | D56: 4 | E56: 0.00066 | F56: =IF(D56=1,E56/0.53,IF(D56=2,E56/0.36,IF(D56=3,E56/0.091,IF(D56=4,E56/0.015,E56/0.004)))) -> 0.044 | G56: =ROUND(F56,4) -> 0.044 | H56: =G56*10000 -> 440 | I56: 417
A57: 301101 | B57: Dạ Mị | C57: =VLOOKUP(B57,[2]英雄技能!$D:$E,2,0) -> #N/A | D57: 4 | E57: 0.00066 | F57: =IF(D57=1,E57/0.53,IF(D57=2,E57/0.36,IF(D57=3,E57/0.091,IF(D57=4,E57/0.015,E57/0.004)))) -> 0.044 | G57: =ROUND(F57,4) -> 0.044 | H57: =G57*10000 -> 440 | I57: 417
A58: 301201 | B58: Bàn Tơ | C58: =VLOOKUP(B58,[2]英雄技能!$D:$E,2,0) -> #N/A | D58: 4 | E58: 0.00066 | F58: =IF(D58=1,E58/0.53,IF(D58=2,E58/0.36,IF(D58=3,E58/0.091,IF(D58=4,E58/0.015,E58/0.004)))) -> 0.044 | G58: =ROUND(F58,4) -> 0.044 | H58: =G58*10000 -> 440 | I58: 417
A59: 301301 | B59: Dạ Xoa | C59: =VLOOKUP(B59,[2]英雄技能!$D:$E,2,0) -> #N/A | D59: 4 | E59: 0.00066 | F59: =IF(D59=1,E59/0.53,IF(D59=2,E59/0.36,IF(D59=3,E59/0.091,IF(D59=4,E59/0.015,E59/0.004)))) -> 0.044 | G59: =ROUND(F59,4) -> 0.044 | H59: =G59*10000 -> 440 | I59: 417
A60: 301401 | B60: Ngưu Ma Vương | C60: =VLOOKUP(B60,[2]英雄技能!$D:$E,2,0) -> #N/A | D60: 5 | E60: 0.00011 | F60: =IF(D60=1,E60/0.53,IF(D60=2,E60/0.36,IF(D60=3,E60/0.091,IF(D60=4,E60/0.015,E60/0.004)))) -> 0.0275 | G60: =ROUND(F60,4) -> 0.0275 | H60: =G60*10000 -> 275 | I60: =H60 -> 275
A61: 301501 | B61: Côn | C61: =VLOOKUP(B61,[2]英雄技能!$D:$E,2,0) -> #N/A | D61: 5 | E61: 3e-05 | F61: =IF(D61=1,E61/0.53,IF(D61=2,E61/0.36,IF(D61=3,E61/0.091,IF(D61=4,E61/0.015,E61/0.004)))) -> 0.0075 | G61: =ROUND(F61,4) -> 0.0075 | H61: =G61*10000 -> 75 | I61: =H61 -> 75
A62: 301601 | B62: Hỗn Thiên Đại Thánh | C62: =VLOOKUP(B62,[2]英雄技能!$D:$E,2,0) -> #N/A | D62: 5 | E62: 3e-05 | F62: =IF(D62=1,E62/0.53,IF(D62=2,E62/0.36,IF(D62=3,E62/0.091,IF(D62=4,E62/0.015,E62/0.004)))) -> 0.0075 | G62: =ROUND(F62,4) -> 0.0075 | H62: =G62*10000 -> 75 | I62: =H62 -> 75
A63: 301701 | B63: Hồng hài nhi | C63: =VLOOKUP(B63,[2]英雄技能!$D:$E,2,0) -> #N/A | D63: 5 | E63: 0.00011 | F63: =IF(D63=1,E63/0.53,IF(D63=2,E63/0.36,IF(D63=3,E63/0.091,IF(D63=4,E63/0.015,E63/0.004)))) -> 0.0275 | G63: =ROUND(F63,4) -> 0.0275 | H63: =G63*10000 -> 275 | I63: =H63 -> 275
A64: 301801 | B64: Giơ cao thương | C64: =VLOOKUP(B64,[2]英雄技能!$D:$E,2,0) -> #N/A | D64: 5 | E64: 0.00023 | F64: =IF(D64=1,E64/0.53,IF(D64=2,E64/0.36,IF(D64=3,E64/0.091,IF(D64=4,E64/0.015,E64/0.004)))) -> 0.0575 | G64: =ROUND(F64,4) -> 0.0575 | H64: =G64*10000 -> 575 | I64: =H64 -> 575
A65: 301901 | B65: Lục Nhĩ | C65: =VLOOKUP(B65,[2]英雄技能!$D:$E,2,0) -> #N/A | D65: 5 | E65: 0.00023 | F65: =IF(D65=1,E65/0.53,IF(D65=2,E65/0.36,IF(D65=3,E65/0.091,IF(D65=4,E65/0.015,E65/0.004)))) -> 0.0575 | G65: =ROUND(F65,4) -> 0.0575 | H65: =G65*10000 -> 575 | I65: =H65 -> 575
A66: 302001 | B66: Kim Ô | C66: =VLOOKUP(B66,[2]英雄技能!$D:$E,2,0) -> #N/A | D66: 5 | E66: 3e-05 | F66: =IF(D66=1,E66/0.53,IF(D66=2,E66/0.36,IF(D66=3,E66/0.091,IF(D66=4,E66/0.015,E66/0.004)))) -> 0.0075 | G66: =ROUND(F66,4) -> 0.0075 | H66: =G66*10000 -> 75 | I66: =H66 -> 75
A67: 302101 | B67: Bạch Cốt phu nhân | C67: =VLOOKUP(B67,[2]英雄技能!$D:$E,2,0) -> #N/A | D67: 5 | E67: 0.00011 | F67: =IF(D67=1,E67/0.53,IF(D67=2,E67/0.36,IF(D67=3,E67/0.091,IF(D67=4,E67/0.015,E67/0.004)))) -> 0.0275 | G67: =ROUND(F67,4) -> 0.0275 | H67: =G67*10000 -> 275 | I67: =H67 -> 275
A68: 302201 | B68: Ðát Kỷ | C68: =VLOOKUP(B68,[2]英雄技能!$D:$E,2,0) -> #N/A | D68: 5 | E68: 0.00011 | F68: =IF(D68=1,E68/0.53,IF(D68=2,E68/0.36,IF(D68=3,E68/0.091,IF(D68=4,E68/0.015,E68/0.004)))) -> 0.0275 | G68: =ROUND(F68,4) -> 0.0275 | H68: =G68*10000 -> 275 | I68: =H68 -> 275
A69: 400101 | B69: Tinh Vệ | C69: =VLOOKUP(B69,[2]英雄技能!$D:$E,2,0) -> #N/A | D69: 3 | E69: 0.00535 | F69: =IF(D69=1,E69/0.53,IF(D69=2,E69/0.36,IF(D69=3,E69/0.091,IF(D69=4,E69/0.015,E69/0.004)))) -> 0.058791209 | G69: =ROUND(F69,4) -> 0.0588 | H69: =G69*10000 -> 588 | I69: 625
A70: 400201 | B70: Dao Cơ | C70: =VLOOKUP(B70,[2]英雄技能!$D:$E,2,0) -> #N/A | D70: 4 | E70: 0.00064 | F70: =IF(D70=1,E70/0.53,IF(D70=2,E70/0.36,IF(D70=3,E70/0.091,IF(D70=4,E70/0.015,E70/0.004)))) -> 0.042666667 | G70: =ROUND(F70,4) -> 0.0427 | H70: =G70*10000 -> 427 | I70: 416
A71: 400301 | B71: Nữ 妭 | C71: =VLOOKUP(B71,[2]英雄技能!$D:$E,2,0) -> #N/A | D71: 4 | E71: 0.00065 | F71: =IF(D71=1,E71/0.53,IF(D71=2,E71/0.36,IF(D71=3,E71/0.091,IF(D71=4,E71/0.015,E71/0.004)))) -> 0.043333333 | G71: =ROUND(F71,4) -> 0.0433 | H71: =G71*10000 -> 433 | I71: 416
A72: 400401 | B72: Giám binh | C72: =VLOOKUP(B72,[2]英雄技能!$D:$E,2,0) -> #N/A | D72: 4 | E72: 0.00065 | F72: =IF(D72=1,E72/0.53,IF(D72=2,E72/0.36,IF(D72=3,E72/0.091,IF(D72=4,E72/0.015,E72/0.004)))) -> 0.043333333 | G72: =ROUND(F72,4) -> 0.0433 | H72: =G72*10000 -> 433 | I72: 416
A73: 400501 | B73: Lạc Thần | C73: =VLOOKUP(B73,[2]英雄技能!$D:$E,2,0) -> #N/A | D73: 4 | E73: 0.00065 | F73: =IF(D73=1,E73/0.53,IF(D73=2,E73/0.36,IF(D73=3,E73/0.091,IF(D73=4,E73/0.015,E73/0.004)))) -> 0.043333333 | G73: =ROUND(F73,4) -> 0.0433 | H73: =G73*10000 -> 433 | I73: 416
A74: 400601 | B74: Bàn Cổ | C74: =VLOOKUP(B74,[2]英雄技能!$D:$E,2,0) -> #N/A | D74: 5 | E74: 0.00011 | F74: =IF(D74=1,E74/0.53,IF(D74=2,E74/0.36,IF(D74=3,E74/0.091,IF(D74=4,E74/0.015,E74/0.004)))) -> 0.0275 | G74: =ROUND(F74,4) -> 0.0275 | H74: =G74*10000 -> 275 | I74: =H74 -> 275
A75: 400701 | B75: Thần Nông | C75: =VLOOKUP(B75,[2]英雄技能!$D:$E,2,0) -> #N/A | D75: 5 | E75: 2e-05 | F75: =IF(D75=1,E75/0.53,IF(D75=2,E75/0.36,IF(D75=3,E75/0.091,IF(D75=4,E75/0.015,E75/0.004)))) -> 0.005 | G75: =ROUND(F75,4) -> 0.005 | H75: =G75*10000 -> 50 | I75: =H75 -> 50
A76: 400801 | B76: Nữ Oa | C76: =VLOOKUP(B76,[2]英雄技能!$D:$E,2,0) -> #N/A | D76: 5 | E76: 8e-05 | F76: =IF(D76=1,E76/0.53,IF(D76=2,E76/0.36,IF(D76=3,E76/0.091,IF(D76=4,E76/0.015,E76/0.004)))) -> 0.02 | G76: =ROUND(F76,4) -> 0.02 | H76: =G76*10000 -> 200 | I76: =H76 -> 200
A77: 400901 | B77: Côn | C77: =VLOOKUP(B77,[2]英雄技能!$D:$E,2,0) -> #N/A | D77: 5 | E77: 2e-05 | F77: =IF(D77=1,E77/0.53,IF(D77=2,E77/0.36,IF(D77=3,E77/0.091,IF(D77=4,E77/0.015,E77/0.004)))) -> 0.005 | G77: =ROUND(F77,4) -> 0.005 | H77: =G77*10000 -> 50 | I77: =H77 -> 50
A78: 401001 | B78: Ngọc Đế | C78: =VLOOKUP(B78,[2]英雄技能!$D:$E,2,0) -> #N/A | D78: 5 | E78: 0.00011 | F78: =IF(D78=1,E78/0.53,IF(D78=2,E78/0.36,IF(D78=3,E78/0.091,IF(D78=4,E78/0.015,E78/0.004)))) -> 0.0275 | G78: =ROUND(F78,4) -> 0.0275 | H78: =G78*10000 -> 275 | I78: =H78 -> 275
A79: 401101 | B79: Lôi trạch | C79: =VLOOKUP(B79,[2]英雄技能!$D:$E,2,0) -> #N/A | D79: 5 | E79: 8e-05 | F79: =IF(D79=1,E79/0.53,IF(D79=2,E79/0.36,IF(D79=3,E79/0.091,IF(D79=4,E79/0.015,E79/0.004)))) -> 0.02 | G79: =ROUND(F79,4) -> 0.02 | H79: =G79*10000 -> 200 | I79: =H79 -> 200
A80: 401201 | B80: Cộng Công | C80: =VLOOKUP(B80,[2]英雄技能!$D:$E,2,0) -> #N/A | D80: 5 | E80: 8e-05 | F80: =IF(D80=1,E80/0.53,IF(D80=2,E80/0.36,IF(D80=3,E80/0.091,IF(D80=4,E80/0.015,E80/0.004)))) -> 0.02 | G80: =ROUND(F80,4) -> 0.02 | H80: =G80*10000 -> 200 | I80: =H80 -> 200
A81: 401301 | B81: Chúc Dung | C81: =VLOOKUP(B81,[2]英雄技能!$D:$E,2,0) -> #N/A | D81: 5 | E81: 2e-05 | F81: =IF(D81=1,E81/0.53,IF(D81=2,E81/0.36,IF(D81=3,E81/0.091,IF(D81=4,E81/0.015,E81/0.004)))) -> 0.005 | G81: =ROUND(F81,4) -> 0.005 | H81: =G81*10000 -> 50 | I81: =H81 -> 50
A82: 500101 | B82: Giao cơ | C82: =VLOOKUP(B82,[2]英雄技能!$D:$E,2,0) -> #N/A | D82: 3 | E82: 0.00535 | F82: =IF(D82=1,E82/0.53,IF(D82=2,E82/0.36,IF(D82=3,E82/0.091,IF(D82=4,E82/0.015,E82/0.004)))) -> 0.058791209 | G82: =ROUND(F82,4) -> 0.0588 | H82: =G82*10000 -> 588 | I82: 625
A83: 500201 | B83: Tham Lang | C83: =VLOOKUP(B83,[2]英雄技能!$D:$E,2,0) -> #N/A | D83: 4 | E83: 0.00065 | F83: =IF(D83=1,E83/0.53,IF(D83=2,E83/0.36,IF(D83=3,E83/0.091,IF(D83=4,E83/0.015,E83/0.004)))) -> 0.043333333 | G83: =ROUND(F83,4) -> 0.0433 | H83: =G83*10000 -> 433 | I83: 416
A84: 500301 | B84: Phá Quân | C84: =VLOOKUP(B84,[2]英雄技能!$D:$E,2,0) -> #N/A | D84: 4 | E84: 0.00065 | F84: =IF(D84=1,E84/0.53,IF(D84=2,E84/0.36,IF(D84=3,E84/0.091,IF(D84=4,E84/0.015,E84/0.004)))) -> 0.043333333 | G84: =ROUND(F84,4) -> 0.0433 | H84: =G84*10000 -> 433 | I84: 416
A85: 500401 | B85: Hắc vô thường | C85: =VLOOKUP(B85,[2]英雄技能!$D:$E,2,0) -> #N/A | D85: 4 | E85: 0.00064 | F85: =IF(D85=1,E85/0.53,IF(D85=2,E85/0.36,IF(D85=3,E85/0.091,IF(D85=4,E85/0.015,E85/0.004)))) -> 0.042666667 | G85: =ROUND(F85,4) -> 0.0427 | H85: =G85*10000 -> 427 | I85: 416
A86: 500501 | B86: Bạch vô thường | C86: =VLOOKUP(B86,[2]英雄技能!$D:$E,2,0) -> #N/A | D86: 4 | E86: 0.00065 | F86: =IF(D86=1,E86/0.53,IF(D86=2,E86/0.36,IF(D86=3,E86/0.091,IF(D86=4,E86/0.015,E86/0.004)))) -> 0.043333333 | G86: =ROUND(F86,4) -> 0.0433 | H86: =G86*10000 -> 433 | I86: 416
A87: 500601 | B87: Xi Vưu | C87: =VLOOKUP(B87,[2]英雄技能!$D:$E,2,0) -> #N/A | D87: 5 | E87: 8e-05 | F87: =IF(D87=1,E87/0.53,IF(D87=2,E87/0.36,IF(D87=3,E87/0.091,IF(D87=4,E87/0.015,E87/0.004)))) -> 0.02 | G87: =ROUND(F87,4) -> 0.02 | H87: =G87*10000 -> 200 | I87: =H87 -> 200
A88: 500701 | B88: Mạnh bà | C88: =VLOOKUP(B88,[2]英雄技能!$D:$E,2,0) -> #N/A | D88: 5 | E88: 2e-05 | F88: =IF(D88=1,E88/0.53,IF(D88=2,E88/0.36,IF(D88=3,E88/0.091,IF(D88=4,E88/0.015,E88/0.004)))) -> 0.005 | G88: =ROUND(F88,4) -> 0.005 | H88: =G88*10000 -> 50 | I88: =H88 -> 50
A89: 500801 | B89: Hình Thiên | C89: =VLOOKUP(B89,[2]英雄技能!$D:$E,2,0) -> #N/A | D89: 5 | E89: 2e-05 | F89: =IF(D89=1,E89/0.53,IF(D89=2,E89/0.36,IF(D89=3,E89/0.091,IF(D89=4,E89/0.015,E89/0.004)))) -> 0.005 | G89: =ROUND(F89,4) -> 0.005 | H89: =G89*10000 -> 50 | I89: =H89 -> 50
A90: 500901 | B90: Ma · Ngộ Không | C90: 哈迪斯 | D90: 5 | E90: 2e-05 | F90: =IF(D90=1,E90/0.53,IF(D90=2,E90/0.36,IF(D90=3,E90/0.091,IF(D90=4,E90/0.015,E90/0.004)))) -> 0.005 | G90: =ROUND(F90,4) -> 0.005 | H90: =G90*10000 -> 50 | I90: =H90 -> 50
A91: 501001 | B91: Hoàng Tuyền | C91: =VLOOKUP(B91,[2]英雄技能!$D:$E,2,0) -> #N/A | D91: 5 | E91: 0.00012 | F91: =IF(D91=1,E91/0.53,IF(D91=2,E91/0.36,IF(D91=3,E91/0.091,IF(D91=4,E91/0.015,E91/0.004)))) -> 0.03 | G91: =ROUND(F91,4) -> 0.03 | H91: =G91*10000 -> 300 | I91: 275
A92: 501101 | B92: Diêm Quân | C92: =VLOOKUP(B92,[2]英雄技能!$D:$E,2,0) -> #N/A | D92: 5 | E92: 0.00012 | F92: =IF(D92=1,E92/0.53,IF(D92=2,E92/0.36,IF(D92=3,E92/0.091,IF(D92=4,E92/0.015,E92/0.004)))) -> 0.03 | G92: =ROUND(F92,4) -> 0.03 | H92: =G92*10000 -> 300 | I92: 275
A93: 501201 | B93: Đông Hoàng Thái Nhất | C93: =VLOOKUP(B93,[2]英雄技能!$D:$E,2,0) -> #N/A | D93: 5 | E93: 8e-05 | F93: =IF(D93=1,E93/0.53,IF(D93=2,E93/0.36,IF(D93=3,E93/0.091,IF(D93=4,E93/0.015,E93/0.004)))) -> 0.02 | G93: =ROUND(F93,4) -> 0.02 | H93: =G93*10000 -> 200 | I93: =H93 -> 200
E95: =SUM(E2:E93) -> 1 | I95: =SUM(I2:I93) -> 50000

Sheet Sheet(友情召唤概率)
A1: 英雄ID | B1: 名字 | C1: 闪烁之光角色 | D1: 星级 | E1: 概率 | F1: 子包概率 | G1: 取后四位 | H1: 万分比计算 | I1: 修正
A2: 100201 | B2: 医师 | C2: =VLOOKUP(B2,[2]英雄技能!$D:$E,2,0) -> #N/A | D2: 2 | E2: 0.05916 | F2: =IF(D2=2,E2/0.355,IF(D2=3,E2/0.5,IF(D2=4,E2/0.135,E2/0.01))) -> 0.16664789 | G2: =ROUND(F2,4) -> 0.1666 | H2: =G2*10000 -> 1666 | I2: 1667
A3: 100301 | B3: 长弓手 | C3: =VLOOKUP(B3,[2]英雄技能!$D:$E,2,0) -> #N/A | D3: 2 | E3: 0.05916 | F3: =IF(D3=2,E3/0.355,IF(D3=3,E3/0.5,IF(D3=4,E3/0.135,E3/0.01))) -> 0.16664789 | G3: =ROUND(F3,4) -> 0.1666 | H3: =G3*10000 -> 1666 | I3: 1667
A4: 100401 | B4: 金吾卫 | C4: =VLOOKUP(B4,[2]英雄技能!$D:$E,2,0) -> #N/A | D4: 3 | E4: 0.02941 | F4: =IF(D4=2,E4/0.355,IF(D4=3,E4/0.5,IF(D4=4,E4/0.135,E4/0.01))) -> 0.05882 | G4: =ROUND(F4,4) -> 0.0588 | H4: =G4*10000 -> 588 | I4: 625
A5: 100501 | B5: 殿前禁卫 | C5: =VLOOKUP(B5,[2]英雄技能!$D:$E,2,0) -> #N/A | D5: 3 | E5: 0.02941 | F5: =IF(D5=2,E5/0.355,IF(D5=3,E5/0.5,IF(D5=4,E5/0.135,E5/0.01))) -> 0.05882 | G5: =ROUND(F5,4) -> 0.0588 | H5: =G5*10000 -> 588 | I5: 625
A6: 100601 | B6: 虎豹骑 | C6: =VLOOKUP(B6,[2]英雄技能!$D:$E,2,0) -> #N/A | D6: 3 | E6: 0.02941 | F6: =IF(D6=2,E6/0.355,IF(D6=3,E6/0.5,IF(D6=4,E6/0.135,E6/0.01))) -> 0.05882 | G6: =ROUND(F6,4) -> 0.0588 | H6: =G6*10000 -> 588 | I6: 625
A7: 100701 | B7: 燕赤侠 | C7: =VLOOKUP(B7,[2]英雄技能!$D:$E,2,0) -> #N/A | D7: 3 | E7: 0.02941 | F7: =IF(D7=2,E7/0.355,IF(D7=3,E7/0.5,IF(D7=4,E7/0.135,E7/0.01))) -> 0.05882 | G7: =ROUND(F7,4) -> 0.0588 | H7: =G7*10000 -> 588 | I7: 625
A8: 100801 | B8: 木吒 | C8: =VLOOKUP(B8,[2]英雄技能!$D:$E,2,0) -> #N/A | D8: 3 | E8: 0.02941 | F8: =IF(D8=2,E8/0.355,IF(D8=3,E8/0.5,IF(D8=4,E8/0.135,E8/0.01))) -> 0.05882 | G8: =ROUND(F8,4) -> 0.0588 | H8: =G8*10000 -> 588 | I8: 625
A9: 100901 | B9: 纣王 | C9: =VLOOKUP(B9,[2]英雄技能!$D:$E,2,0) -> #N/A | D9: 4 | E9: 0.006 | F9: =IF(D9=2,E9/0.355,IF(D9=3,E9/0.5,IF(D9=4,E9/0.135,E9/0.01))) -> 0.044444444 | G9: =ROUND(F9,4) -> 0.0444 | H9: =G9*10000 -> 444 | I9: 417
A10: 101001 | B10: 金吒 | C10: =VLOOKUP(B10,[2]英雄技能!$D:$E,2,0) -> #N/A | D10: 4 | E10: 0.006 | F10: =IF(D10=2,E10/0.355,IF(D10=3,E10/0.5,IF(D10=4,E10/0.135,E10/0.01))) -> 0.044444444 | G10: =ROUND(F10,4) -> 0.0444 | H10: =G10*10000 -> 444 | I10: 417
A11: 101101 | B11: 闻仲 | C11: =VLOOKUP(B11,[2]英雄技能!$D:$E,2,0) -> #N/A | D11: 4 | E11: 0.006 | F11: =IF(D11=2,E11/0.355,IF(D11=3,E11/0.5,IF(D11=4,E11/0.135,E11/0.01))) -> 0.044444444 | G11: =ROUND(F11,4) -> 0.0444 | H11: =G11*10000 -> 444 | I11: 417
A12: 101201 | B12: 黄飞虎 | C12: =VLOOKUP(B12,[2]英雄技能!$D:$E,2,0) -> #N/A | D12: 4 | E12: 0.006 | F12: =IF(D12=2,E12/0.355,IF(D12=3,E12/0.5,IF(D12=4,E12/0.135,E12/0.01))) -> 0.044444444 | G12: =ROUND(F12,4) -> 0.0444 | H12: =G12*10000 -> 444 | I12: 417
A13: 101301 | B13: 姬发 | C13: =VLOOKUP(B13,[2]英雄技能!$D:$E,2,0) -> #N/A | D13: 4 | E13: 0.006 | F13: =IF(D13=2,E13/0.355,IF(D13=3,E13/0.5,IF(D13=4,E13/0.135,E13/0.01))) -> 0.044444444 | G13: =ROUND(F13,4) -> 0.0444 | H13: =G13*10000 -> 444 | I13: 417
A14: 101401 | B14: 杨戬 | C14: =VLOOKUP(B14,[2]英雄技能!$D:$E,2,0) -> #N/A | D14: 5 | E14: 0.00014 | F14: =IF(D14=2,E14/0.355,IF(D14=3,E14/0.5,IF(D14=4,E14/0.135,E14/0.01))) -> 0.014 | G14: =ROUND(F14,4) -> 0.014 | H14: =G14*10000 -> 140 | I14: =IF(OR(H14=140,H14=690,H14=340),H14+10,H14) -> 150
A15: 101501 | B15: 邓婵玉 | C15: =VLOOKUP(B15,[2]英雄技能!$D:$E,2,0) -> #N/A | D15: 5 | E15: 0.00069 | F15: =IF(D15=2,E15/0.355,IF(D15=3,E15/0.5,IF(D15=4,E15/0.135,E15/0.01))) -> 0.069 | G15: =ROUND(F15,4) -> 0.069 | H15: =G15*10000 -> 690 | I15: =IF(OR(H15=140,H15=690,H15=340),H15+10,H15) -> 700
A16: 101601 | B16: 嫦娥 | C16: =VLOOKUP(B16,[2]英雄技能!$D:$E,2,0) -> #N/A | D16: 5 | E16: 6e-05 | F16: =IF(D16=2,E16/0.355,IF(D16=3,E16/0.5,IF(D16=4,E16/0.135,E16/0.01))) -> 0.006 | G16: =ROUND(F16,4) -> 0.006 | H16: =G16*10000 -> 60 | I16: =IF(OR(H16=140,H16=690,H16=340),H16+10,H16) -> 60
A17: 101701 | B17: 申空豹 | C17: =VLOOKUP(B17,[2]英雄技能!$D:$E,2,0) -> #N/A | D17: 5 | E17: 6e-05 | F17: =IF(D17=2,E17/0.355,IF(D17=3,E17/0.5,IF(D17=4,E17/0.135,E17/0.01))) -> 0.006 | G17: =ROUND(F17,4) -> 0.006 | H17: =G17*10000 -> 60 | I17: =IF(OR(H17=140,H17=690,H17=340),H17+10,H17) -> 60
A18: 101801 | B18: 后羿 | C18: =VLOOKUP(B18,[2]英雄技能!$D:$E,2,0) -> #N/A | D18: 5 | E18: 0.00014 | F18: =IF(D18=2,E18/0.355,IF(D18=3,E18/0.5,IF(D18=4,E18/0.135,E18/0.01))) -> 0.014 | G18: =ROUND(F18,4) -> 0.014 | H18: =G18*10000 -> 140 | I18: =IF(OR(H18=140,H18=690,H18=340),H18+10,H18) -> 150
A19: 101901 | B19: 李靖 | C19: =VLOOKUP(B19,[2]英雄技能!$D:$E,2,0) -> #N/A | D19: 5 | E19: 6e-05 | F19: =IF(D19=2,E19/0.355,IF(D19=3,E19/0.5,IF(D19=4,E19/0.135,E19/0.01))) -> 0.006 | G19: =ROUND(F19,4) -> 0.006 | H19: =G19*10000 -> 60 | I19: =IF(OR(H19=140,H19=690,H19=340),H19+10,H19) -> 60
A20: 102001 | B20: 哪吒 | C20: =VLOOKUP(B20,[2]英雄技能!$D:$E,2,0) -> #N/A | D20: 5 | E20: 6e-05 | F20: =IF(D20=2,E20/0.355,IF(D20=3,E20/0.5,IF(D20=4,E20/0.135,E20/0.01))) -> 0.006 | G20: =ROUND(F20,4) -> 0.006 | H20: =G20*10000 -> 60 | I20: =IF(OR(H20=140,H20=690,H20=340),H20+10,H20) -> 60
A21: 102101 | B21: 姜子牙 | C21: =VLOOKUP(B21,[2]英雄技能!$D:$E,2,0) -> #N/A | D21: 5 | E21: 0.00014 | F21: =IF(D21=2,E21/0.355,IF(D21=3,E21/0.5,IF(D21=4,E21/0.135,E21/0.01))) -> 0.014 | G21: =ROUND(F21,4) -> 0.014 | H21: =G21*10000 -> 140 | I21: =IF(OR(H21=140,H21=690,H21=340),H21+10,H21) -> 150
A22: 102201 | B22: 雷震子 | C22: =VLOOKUP(B22,[2]英雄技能!$D:$E,2,0) -> #N/A | D22: 5 | E22: 0.00069 | F22: =IF(D22=2,E22/0.355,IF(D22=3,E22/0.5,IF(D22=4,E22/0.135,E22/0.01))) -> 0.069 | G22: =ROUND(F22,4) -> 0.069 | H22: =G22*10000 -> 690 | I22: =IF(OR(H22=140,H22=690,H22=340),H22+10,H22) -> 700
A23: 200201 | B23: 日游神 | C23: =VLOOKUP(B23,[2]英雄技能!$D:$E,2,0) -> #N/A | D23: 2 | E23: 0.05917 | F23: =IF(D23=2,E23/0.355,IF(D23=3,E23/0.5,IF(D23=4,E23/0.135,E23/0.01))) -> 0.16667606 | G23: =ROUND(F23,4) -> 0.1667 | H23: 1667 | I23: 1667
A24: 200301 | B24: 夜游神 | C24: =VLOOKUP(B24,[2]英雄技能!$D:$E,2,0) -> #N/A | D24: 2 | E24: 0.05917 | F24: =IF(D24=2,E24/0.355,IF(D24=3,E24/0.5,IF(D24=4,E24/0.135,E24/0.01))) -> 0.16667606 | G24: =ROUND(F24,4) -> 0.1667 | H24: 1667 | I24: 1667
A25: 200401 | B25: 金童 | C25: =VLOOKUP(B25,[2]英雄技能!$D:$E,2,0) -> #N/A | D25: 3 | E25: 0.02941 | F25: =IF(D25=2,E25/0.355,IF(D25=3,E25/0.5,IF(D25=4,E25/0.135,E25/0.01))) -> 0.05882 | G25: =ROUND(F25,4) -> 0.0588 | H25: =G25*10000 -> 588 | I25: 625
A26: 200501 | B26: 玉女 | C26: =VLOOKUP(B26,[2]英雄技能!$D:$E,2,0) -> #N/A | D26: 3 | E26: 0.02941 | F26: =IF(D26=2,E26/0.355,IF(D26=3,E26/0.5,IF(D26=4,E26/0.135,E26/0.01))) -> 0.05882 | G26: =ROUND(F26,4) -> 0.0588 | H26: =G26*10000 -> 588 | I26: 625
A27: 200601 | B27: 青宵 | C27: =VLOOKUP(B27,[2]英雄技能!$D:$E,2,0) -> #N/A | D27: 3 | E27: 0.02941 | F27: =IF(D27=2,E27/0.355,IF(D27=3,E27/0.5,IF(D27=4,E27/0.135,E27/0.01))) -> 0.05882 | G27: =ROUND(F27,4) -> 0.0588 | H27: =G27*10000 -> 588 | I27: 625
A28: 200701 | B28: 龙吉公主 | C28: =VLOOKUP(B28,[2]英雄技能!$D:$E,2,0) -> #N/A | D28: 3 | E28: 0.02941 | F28: =IF(D28=2,E28/0.355,IF(D28=3,E28/0.5,IF(D28=4,E28/0.135,E28/0.01))) -> 0.05882 | G28: =ROUND(F28,4) -> 0.0588 | H28: =G28*10000 -> 588 | I28: 625
A29: 200801 | B29: 白龙 | C29: =VLOOKUP(B29,[2]英雄技能!$D:$E,2,0) -> #N/A | D29: 3 | E29: 0.02941 | F29: =IF(D29=2,E29/0.355,IF(D29=3,E29/0.5,IF(D29=4,E29/0.135,E29/0.01))) -> 0.05882 | G29: =ROUND(F29,4) -> 0.0588 | H29: =G29*10000 -> 588 | I29: 625
A30: 200901 | B30: 太白金星 | C30: =VLOOKUP(B30,[2]英雄技能!$D:$E,2,0) -> #N/A | D30: 4 | E30: 0.006 | F30: =IF(D30=2,E30/0.355,IF(D30=3,E30/0.5,IF(D30=4,E30/0.135,E30/0.01))) -> 0.044444444 | G30: =ROUND(F30,4) -> 0.0444 | H30: =G30*10000 -> 444 | I30: 417
A31: 201001 | B31: 月老 | C31: =VLOOKUP(B31,[2]英雄技能!$D:$E,2,0) -> #N/A | D31: 4 | E31: 0.006 | F31: =IF(D31=2,E31/0.355,IF(D31=3,E31/0.5,IF(D31=4,E31/0.135,E31/0.01))) -> 0.044444444 | G31: =ROUND(F31,4) -> 0.0444 | H31: =G31*10000 -> 444 | I31: 417
A32: 201101 | B32: 织女 | C32: =VLOOKUP(B32,[2]英雄技能!$D:$E,2,0) -> #N/A | D32: 4 | E32: 0.006 | F32: =IF(D32=2,E32/0.355,IF(D32=3,E32/0.5,IF(D32=4,E32/0.135,E32/0.01))) -> 0.044444444 | G32: =ROUND(F32,4) -> 0.0444 | H32: =G32*10000 -> 444 | I32: 417
A33: 201201 | B33: 河伯 | C33: =VLOOKUP(B33,[2]英雄技能!$D:$E,2,0) -> #N/A | D33: 4 | E33: 0.006 | F33: =IF(D33=2,E33/0.355,IF(D33=3,E33/0.5,IF(D33=4,E33/0.135,E33/0.01))) -> 0.044444444 | G33: =ROUND(F33,4) -> 0.0444 | H33: =G33*10000 -> 444 | I33: 417
A34: 201301 | B34: 雨师 | C34: =VLOOKUP(B34,[2]英雄技能!$D:$E,2,0) -> #N/A | D34: 4 | E34: 0.006 | F34: =IF(D34=2,E34/0.355,IF(D34=3,E34/0.5,IF(D34=4,E34/0.135,E34/0.01))) -> 0.044444444 | G34: =ROUND(F34,4) -> 0.0444 | H34: =G34*10000 -> 444 | I34: 417
A35: 201401 | B35: 卷帘大将 | C35: =VLOOKUP(B35,[2]英雄技能!$D:$E,2,0) -> #N/A | D35: 5 | E35: 0.00069 | F35: =IF(D35=2,E35/0.355,IF(D35=3,E35/0.5,IF(D35=4,E35/0.135,E35/0.01))) -> 0.069 | G35: =ROUND(F35,4) -> 0.069 | H35: =G35*10000 -> 690 | I35: =IF(OR(H35=140,H35=690,H35=340),H35+10,H35) -> 700
A36: 201501 | B36: 天蓬元帅 | C36: =VLOOKUP(B36,[2]英雄技能!$D:$E,2,0) -> #N/A | D36: 5 | E36: 6e-05 | F36: =IF(D36=2,E36/0.355,IF(D36=3,E36/0.5,IF(D36=4,E36/0.135,E36/0.01))) -> 0.006 | G36: =ROUND(F36,4) -> 0.006 | H36: =G36*10000 -> 60 | I36: =IF(OR(H36=140,H36=690,H36=340),H36+10,H36) -> 60
A37: 201601 | B37: 南极仙翁 | C37: =VLOOKUP(B37,[2]英雄技能!$D:$E,2,0) -> #N/A | D37: 5 | E37: 0.00014 | F37: =IF(D37=2,E37/0.355,IF(D37=3,E37/0.5,IF(D37=4,E37/0.135,E37/0.01))) -> 0.014 | G37: =ROUND(F37,4) -> 0.014 | H37: =G37*10000 -> 140 | I37: =IF(OR(H37=140,H37=690,H37=340),H37+10,H37) -> 150
A38: 201701 | B38: 财神 | C38: =VLOOKUP(B38,[2]英雄技能!$D:$E,2,0) -> #N/A | D38: 5 | E38: 0.00069 | F38: =IF(D38=2,E38/0.355,IF(D38=3,E38/0.5,IF(D38=4,E38/0.135,E38/0.01))) -> 0.069 | G38: =ROUND(F38,4) -> 0.069 | H38: =G38*10000 -> 690 | I38: =IF(OR(H38=140,H38=690,H38=340),H38+10,H38) -> 700
A39: 201801 | B39: 斗战胜佛 | C39: =VLOOKUP(B39,[2]英雄技能!$D:$E,2,0) -> #N/A | D39: 5 | E39: 6e-05 | F39: =IF(D39=2,E39/0.355,IF(D39=3,E39/0.5,IF(D39=4,E39/0.135,E39/0.01))) -> 0.006 | G39: =ROUND(F39,4) -> 0.006 | H39: =G39*10000 -> 60 | I39: =IF(OR(H39=140,H39=690,H39=340),H39+10,H39) -> 60
A40: 201901 | B40: 太乙真人 | C40: =VLOOKUP(B40,[2]英雄技能!$D:$E,2,0) -> #N/A | D40: 5 | E40: 6e-05 | F40: =IF(D40=2,E40/0.355,IF(D40=3,E40/0.5,IF(D40=4,E40/0.135,E40/0.01))) -> 0.006 | G40: =ROUND(F40,4) -> 0.006 | H40: =G40*10000 -> 60 | I40: =IF(OR(H40=140,H40=690,H40=340),H40+10,H40) -> 60
A41: 202001 | B41: 太上老君 | C41: =VLOOKUP(B41,[2]英雄技能!$D:$E,2,0) -> #N/A | D41: 5 | E41: 0.00014 | F41: =IF(D41=2,E41/0.355,IF(D41=3,E41/0.5,IF(D41=4,E41/0.135,E41/0.01))) -> 0.014 | G41: =ROUND(F41,4) -> 0.014 | H41: =G41*10000 -> 140 | I41: =IF(OR(H41=140,H41=690,H41=340),H41+10,H41) -> 150
A42: 202101 | B42: 元始天尊 | C42: =VLOOKUP(B42,[2]英雄技能!$D:$E,2,0) -> #N/A | D42: 5 | E42: 0.00014 | F42: =IF(D42=2,E42/0.355,IF(D42=3,E42/0.5,IF(D42=4,E42/0.135,E42/0.01))) -> 0.014 | G42: =ROUND(F42,4) -> 0.014 | H42: =G42*10000 -> 140 | I42: =IF(OR(H42=140,H42=690,H42=340),H42+10,H42) -> 150
A43: 202201 | B43: 云中子 | C43: =VLOOKUP(B43,[2]英雄技能!$D:$E,2,0) -> #N/A | D43: 5 | E43: 0.00069 | F43: =IF(D43=2,E43/0.355,IF(D43=3,E43/0.5,IF(D43=4,E43/0.135,E43/0.01))) -> 0.069 | G43: =ROUND(F43,4) -> 0.069 | H43: =G43*10000 -> 690 | I43: =IF(OR(H43=140,H43=690,H43=340),H43+10,H43) -> 700
A44: 202301 | B44: 九天玄女 | C44: =VLOOKUP(B44,[2]英雄技能!$D:$E,2,0) -> #N/A | D44: 5 | E44: 6e-05 | F44: =IF(D44=2,E44/0.355,IF(D44=3,E44/0.5,IF(D44=4,E44/0.135,E44/0.01))) -> 0.006 | G44: =ROUND(F44,4) -> 0.006 | H44: =G44*10000 -> 60 | I44: =IF(OR(H44=140,H44=690,H44=340),H44+10,H44) -> 60
A45: 300201 | B45: 幽灵 | C45: =VLOOKUP(B45,[2]英雄技能!$D:$E,2,0) -> #N/A | D45: 2 | E45: 0.05916 | F45: =IF(D45=2,E45/0.355,IF(D45=3,E45/0.5,IF(D45=4,E45/0.135,E45/0.01))) -> 0.16664789 | G45: =ROUND(F45,4) -> 0.1666 | H45: =G45*10000 -> 1666 | I45: 1666
A46: 300301 | B46: 花妖 | C46: =VLOOKUP(B46,[2]英雄技能!$D:$E,2,0) -> #N/A | D46: 2 | E46: 0.05916 | F46: =IF(D46=2,E46/0.355,IF(D46=3,E46/0.5,IF(D46=4,E46/0.135,E46/0.01))) -> 0.16664789 | G46: =ROUND(F46,4) -> 0.1666 | H46: =G46*10000 -> 1666 | I46: 1666
A47: 300401 | B47: 黑风 | C47: =VLOOKUP(B47,[2]英雄技能!$D:$E,2,0) -> #N/A | D47: 3 | E47: 0.02941 | F47: =IF(D47=2,E47/0.355,IF(D47=3,E47/0.5,IF(D47=4,E47/0.135,E47/0.01))) -> 0.05882 | G47: =ROUND(F47,4) -> 0.0588 | H47: =G47*10000 -> 588 | I47: 625
A48: 300501 | B48: 山鬼 | C48: =VLOOKUP(B48,[2]英雄技能!$D:$E,2,0) -> #N/A | D48: 3 | E48: 0.02941 | F48: =IF(D48=2,E48/0.355,IF(D48=3,E48/0.5,IF(D48=4,E48/0.135,E48/0.01))) -> 0.05882 | G48: =ROUND(F48,4) -> 0.0588 | H48: =G48*10000 -> 588 | I48: 625
A49: 300601 | B49: 霸波尔奔 | C49: =VLOOKUP(B49,[2]英雄技能!$D:$E,2,0) -> #N/A | D49: 3 | E49: 0.02941 | F49: =IF(D49=2,E49/0.355,IF(D49=3,E49/0.5,IF(D49=4,E49/0.135,E49/0.01))) -> 0.05882 | G49: =ROUND(F49,4) -> 0.0588 | H49: =G49*10000 -> 588 | I49: 625
A50: 300701 | B50: 玉兔 | C50: =VLOOKUP(B50,[2]英雄技能!$D:$E,2,0) -> #N/A | D50: 3 | E50: 0.02941 | F50: =IF(D50=2,E50/0.355,IF(D50=3,E50/0.5,IF(D50=4,E50/0.135,E50/0.01))) -> 0.05882 | G50: =ROUND(F50,4) -> 0.0588 | H50: =G50*10000 -> 588 | I50: 625
A51: 300801 | B51: 奔波儿灞 | C51: =VLOOKUP(B51,[2]英雄技能!$D:$E,2,0) -> #N/A | D51: 4 | E51: 0.006 | F51: =IF(D51=2,E51/0.355,IF(D51=3,E51/0.5,IF(D51=4,E51/0.135,E51/0.01))) -> 0.044444444 | G51: =ROUND(F51,4) -> 0.0444 | H51: =G51*10000 -> 444 | I51: 417
A52: 300901 | B52: 银角大王 | C52: =VLOOKUP(B52,[2]英雄技能!$D:$E,2,0) -> #N/A | D52: 4 | E52: 0.006 | F52: =IF(D52=2,E52/0.355,IF(D52=3,E52/0.5,IF(D52=4,E52/0.135,E52/0.01))) -> 0.044444444 | G52: =ROUND(F52,4) -> 0.0444 | H52: =G52*10000 -> 444 | I52: 417
A53: 301001 | B53: 鬼将 | C53: =VLOOKUP(B53,[2]英雄技能!$D:$E,2,0) -> #N/A | D53: 4 | E53: 0.006 | F53: =IF(D53=2,E53/0.355,IF(D53=3,E53/0.5,IF(D53=4,E53/0.135,E53/0.01))) -> 0.044444444 | G53: =ROUND(F53,4) -> 0.0444 | H53: =G53*10000 -> 444 | I53: 417
A54: 301101 | B54: 夜魅 | C54: =VLOOKUP(B54,[2]英雄技能!$D:$E,2,0) -> #N/A | D54: 4 | E54: 0.006 | F54: =IF(D54=2,E54/0.355,IF(D54=3,E54/0.5,IF(D54=4,E54/0.135,E54/0.01))) -> 0.044444444 | G54: =ROUND(F54,4) -> 0.0444 | H54: =G54*10000 -> 444 | I54: 417
A55: 301201 | B55: 盘丝 | C55: =VLOOKUP(B55,[2]英雄技能!$D:$E,2,0) -> #N/A | D55: 4 | E55: 0.006 | F55: =IF(D55=2,E55/0.355,IF(D55=3,E55/0.5,IF(D55=4,E55/0.135,E55/0.01))) -> 0.044444444 | G55: =ROUND(F55,4) -> 0.0444 | H55: =G55*10000 -> 444 | I55: 417
A56: 301301 | B56: 夜叉 | C56: =VLOOKUP(B56,[2]英雄技能!$D:$E,2,0) -> #N/A | D56: 4 | E56: 0.006 | F56: =IF(D56=2,E56/0.355,IF(D56=3,E56/0.5,IF(D56=4,E56/0.135,E56/0.01))) -> 0.044444444 | G56: =ROUND(F56,4) -> 0.0444 | H56: =G56*10000 -> 444 | I56: 417
A57: 301401 | B57: 牛魔王 | C57: =VLOOKUP(B57,[2]英雄技能!$D:$E,2,0) -> #N/A | D57: 5 | E57: 0.00014 | F57: =IF(D57=2,E57/0.355,IF(D57=3,E57/0.5,IF(D57=4,E57/0.135,E57/0.01))) -> 0.014 | G57: =ROUND(F57,4) -> 0.014 | H57: =G57*10000 -> 140 | I57: =IF(OR(H57=140,H57=690,H57=340),H57+10,H57) -> 150
A58: 301501 | B58: 鲲 | C58: =VLOOKUP(B58,[2]英雄技能!$D:$E,2,0) -> #N/A | D58: 5 | E58: 6e-05 | F58: =IF(D58=2,E58/0.355,IF(D58=3,E58/0.5,IF(D58=4,E58/0.135,E58/0.01))) -> 0.006 | G58: =ROUND(F58,4) -> 0.006 | H58: =G58*10000 -> 60 | I58: =IF(OR(H58=140,H58=690,H58=340),H58+10,H58) -> 60
A59: 301601 | B59: 混天大圣 | C59: =VLOOKUP(B59,[2]英雄技能!$D:$E,2,0) -> #N/A | D59: 5 | E59: 6e-05 | F59: =IF(D59=2,E59/0.355,IF(D59=3,E59/0.5,IF(D59=4,E59/0.135,E59/0.01))) -> 0.006 | G59: =ROUND(F59,4) -> 0.006 | H59: =G59*10000 -> 60 | I59: =IF(OR(H59=140,H59=690,H59=340),H59+10,H59) -> 60
A60: 301701 | B60: 红孩儿 | C60: =VLOOKUP(B60,[2]英雄技能!$D:$E,2,0) -> #N/A | D60: 5 | E60: 0.00014 | F60: =IF(D60=2,E60/0.355,IF(D60=3,E60/0.5,IF(D60=4,E60/0.135,E60/0.01))) -> 0.014 | G60: =ROUND(F60,4) -> 0.014 | H60: =G60*10000 -> 140 | I60: =IF(OR(H60=140,H60=690,H60=340),H60+10,H60) -> 150
A61: 301801 | B61: 擎苍 | C61: =VLOOKUP(B61,[2]英雄技能!$D:$E,2,0) -> #N/A | D61: 5 | E61: 0.00069 | F61: =IF(D61=2,E61/0.355,IF(D61=3,E61/0.5,IF(D61=4,E61/0.135,E61/0.01))) -> 0.069 | G61: =ROUND(F61,4) -> 0.069 | H61: =G61*10000 -> 690 | I61: =IF(OR(H61=140,H61=690,H61=340),H61+10,H61) -> 700
A62: 301901 | B62: 六耳 | C62: =VLOOKUP(B62,[2]英雄技能!$D:$E,2,0) -> #N/A | D62: 5 | E62: 0.00069 | F62: =IF(D62=2,E62/0.355,IF(D62=3,E62/0.5,IF(D62=4,E62/0.135,E62/0.01))) -> 0.069 | G62: =ROUND(F62,4) -> 0.069 | H62: =G62*10000 -> 690 | I62: =IF(OR(H62=140,H62=690,H62=340),H62+10,H62) -> 700
A63: 302001 | B63: 金乌 | C63: =VLOOKUP(B63,[2]英雄技能!$D:$E,2,0) -> #N/A | D63: 5 | E63: 6e-05 | F63: =IF(D63=2,E63/0.355,IF(D63=3,E63/0.5,IF(D63=4,E63/0.135,E63/0.01))) -> 0.006 | G63: =ROUND(F63,4) -> 0.006 | H63: =G63*10000 -> 60 | I63: =IF(OR(H63=140,H63=690,H63=340),H63+10,H63) -> 60
A64: 302101 | B64: 白骨夫人 | C64: =VLOOKUP(B64,[2]英雄技能!$D:$E,2,0) -> #N/A | D64: 5 | E64: 0.00014 | F64: =IF(D64=2,E64/0.355,IF(D64=3,E64/0.5,IF(D64=4,E64/0.135,E64/0.01))) -> 0.014 | G64: =ROUND(F64,4) -> 0.014 | H64: =G64*10000 -> 140 | I64: =IF(OR(H64=140,H64=690,H64=340),H64+10,H64) -> 150
A65: 302201 | B65: 妲己 | C65: =VLOOKUP(B65,[2]英雄技能!$D:$E,2,0) -> #N/A | D65: 5 | E65: 0.00014 | F65: =IF(D65=2,E65/0.355,IF(D65=3,E65/0.5,IF(D65=4,E65/0.135,E65/0.01))) -> 0.014 | G65: =ROUND(F65,4) -> 0.014 | H65: =G65*10000 -> 140 | I65: =IF(OR(H65=140,H65=690,H65=340),H65+10,H65) -> 150
A66: 400101 | B66: 精卫 | C66: =VLOOKUP(B66,[2]英雄技能!$D:$E,2,0) -> #N/A | D66: 3 | E66: 0.02941 | F66: =IF(D66=2,E66/0.355,IF(D66=3,E66/0.5,IF(D66=4,E66/0.135,E66/0.01))) -> 0.05882 | G66: =ROUND(F66,4) -> 0.0588 | H66: =G66*10000 -> 588 | I66: 625
A67: 400201 | B67: 瑶姬 | C67: =VLOOKUP(B67,[2]英雄技能!$D:$E,2,0) -> #N/A | D67: 4 | E67: 0.00562 | F67: =IF(D67=2,E67/0.355,IF(D67=3,E67/0.5,IF(D67=4,E67/0.135,E67/0.01))) -> 0.04162963 | G67: =ROUND(F67,4) -> 0.0416 | H67: =G67*10000 -> 416 | I67: 416
A68: 400301 | B68: 女妭 | C68: =VLOOKUP(B68,[2]英雄技能!$D:$E,2,0) -> #N/A | D68: 4 | E68: 0.00562 | F68: =IF(D68=2,E68/0.355,IF(D68=3,E68/0.5,IF(D68=4,E68/0.135,E68/0.01))) -> 0.04162963 | G68: =ROUND(F68,4) -> 0.0416 | H68: =G68*10000 -> 416 | I68: 416
A69: 400401 | B69: 监兵 | C69: =VLOOKUP(B69,[2]英雄技能!$D:$E,2,0) -> #N/A | D69: 4 | E69: 0.00562 | F69: =IF(D69=2,E69/0.355,IF(D69=3,E69/0.5,IF(D69=4,E69/0.135,E69/0.01))) -> 0.04162963 | G69: =ROUND(F69,4) -> 0.0416 | H69: =G69*10000 -> 416 | I69: 416
A70: 400501 | B70: 洛神 | C70: =VLOOKUP(B70,[2]英雄技能!$D:$E,2,0) -> #N/A | D70: 4 | E70: 0.00562 | F70: =IF(D70=2,E70/0.355,IF(D70=3,E70/0.5,IF(D70=4,E70/0.135,E70/0.01))) -> 0.04162963 | G70: =ROUND(F70,4) -> 0.0416 | H70: =G70*10000 -> 416 | I70: 416
A71: 400601 | B71: 盘古 | C71: =VLOOKUP(B71,[2]英雄技能!$D:$E,2,0) -> #N/A | D71: 5 | E71: 0.00034 | F71: =IF(D71=2,E71/0.355,IF(D71=3,E71/0.5,IF(D71=4,E71/0.135,E71/0.01))) -> 0.034 | G71: =ROUND(F71,4) -> 0.034 | H71: =G71*10000 -> 340 | I71: =IF(OR(H71=140,H71=690,H71=340),H71+10,H71) -> 350
A72: 400701 | B72: 神农 | C72: =VLOOKUP(B72,[2]英雄技能!$D:$E,2,0) -> #N/A | D72: 5 | E72: 4e-05 | F72: =IF(D72=2,E72/0.355,IF(D72=3,E72/0.5,IF(D72=4,E72/0.135,E72/0.01))) -> 0.004 | G72: =ROUND(F72,4) -> 0.004 | H72: =G72*10000 -> 40 | I72: =IF(OR(H72=140,H72=690,H72=340),H72+10,H72) -> 40
A73: 400801 | B73: 女娲 | C73: =VLOOKUP(B73,[2]英雄技能!$D:$E,2,0) -> #N/A | D73: 5 | E73: 0.00026 | F73: =IF(D73=2,E73/0.355,IF(D73=3,E73/0.5,IF(D73=4,E73/0.135,E73/0.01))) -> 0.026 | G73: =ROUND(F73,4) -> 0.026 | H73: =G73*10000 -> 260 | I73: =IF(OR(H73=140,H73=690,H73=340),H73+10,H73) -> 260
A74: 400901 | B74: 鲲 | C74: =VLOOKUP(B74,[2]英雄技能!$D:$E,2,0) -> #N/A | D74: 5 | E74: 4e-05 | F74: =IF(D74=2,E74/0.355,IF(D74=3,E74/0.5,IF(D74=4,E74/0.135,E74/0.01))) -> 0.004 | G74: =ROUND(F74,4) -> 0.004 | H74: =G74*10000 -> 40 | I74: =IF(OR(H74=140,H74=690,H74=340),H74+10,H74) -> 40
A75: 401001 | B75: 玉帝 | C75: =VLOOKUP(B75,[2]英雄技能!$D:$E,2,0) -> #N/A | D75: 5 | E75: 0.00034 | F75: =IF(D75=2,E75/0.355,IF(D75=3,E75/0.5,IF(D75=4,E75/0.135,E75/0.01))) -> 0.034 | G75: =ROUND(F75,4) -> 0.034 | H75: =G75*10000 -> 340 | I75: =IF(OR(H75=140,H75=690,H75=340),H75+10,H75) -> 350
A76: 401101 | B76: 雷泽 | C76: =VLOOKUP(B76,[2]英雄技能!$D:$E,2,0) -> #N/A | D76: 5 | E76: 0.00026 | F76: =IF(D76=2,E76/0.355,IF(D76=3,E76/0.5,IF(D76=4,E76/0.135,E76/0.01))) -> 0.026 | G76: =ROUND(F76,4) -> 0.026 | H76: =G76*10000 -> 260 | I76: =IF(OR(H76=140,H76=690,H76=340),H76+10,H76) -> 260
A77: 401201 | B77: 共工 | C77: =VLOOKUP(B77,[2]英雄技能!$D:$E,2,0) -> #N/A | D77: 5 | E77: 0.00026 | F77: =IF(D77=2,E77/0.355,IF(D77=3,E77/0.5,IF(D77=4,E77/0.135,E77/0.01))) -> 0.026 | G77: =ROUND(F77,4) -> 0.026 | H77: =G77*10000 -> 260 | I77: =IF(OR(H77=140,H77=690,H77=340),H77+10,H77) -> 260
A78: 401301 | B78: 祝融 | C78: =VLOOKUP(B78,[2]英雄技能!$D:$E,2,0) -> #N/A | D78: 5 | E78: 4e-05 | F78: =IF(D78=2,E78/0.355,IF(D78=3,E78/0.5,IF(D78=4,E78/0.135,E78/0.01))) -> 0.004 | G78: =ROUND(F78,4) -> 0.004 | H78: =G78*10000 -> 40 | I78: =IF(OR(H78=140,H78=690,H78=340),H78+10,H78) -> 40
A79: 500101 | B79: 鲛姬 | C79: =VLOOKUP(B79,[2]英雄技能!$D:$E,2,0) -> #N/A | D79: 3 | E79: 0.02941 | F79: =IF(D79=2,E79/0.355,IF(D79=3,E79/0.5,IF(D79=4,E79/0.135,E79/0.01))) -> 0.05882 | G79: =ROUND(F79,4) -> 0.0588 | H79: =G79*10000 -> 588 | I79: 625
A80: 500201 | B80: 贪狼 | C80: =VLOOKUP(B80,[2]英雄技能!$D:$E,2,0) -> #N/A | D80: 4 | E80: 0.00562 | F80: =IF(D80=2,E80/0.355,IF(D80=3,E80/0.5,IF(D80=4,E80/0.135,E80/0.01))) -> 0.04162963 | G80: =ROUND(F80,4) -> 0.0416 | H80: =G80*10000 -> 416 | I80: 416
A81: 500301 | B81: 破军 | C81: =VLOOKUP(B81,[2]英雄技能!$D:$E,2,0) -> #N/A | D81: 4 | E81: 0.00562 | F81: =IF(D81=2,E81/0.355,IF(D81=3,E81/0.5,IF(D81=4,E81/0.135,E81/0.01))) -> 0.04162963 | G81: =ROUND(F81,4) -> 0.0416 | H81: =G81*10000 -> 416 | I81: 416
A82: 500401 | B82: 黑无常 | C82: =VLOOKUP(B82,[2]英雄技能!$D:$E,2,0) -> #N/A | D82: 4 | E82: 0.00562 | F82: =IF(D82=2,E82/0.355,IF(D82=3,E82/0.5,IF(D82=4,E82/0.135,E82/0.01))) -> 0.04162963 | G82: =ROUND(F82,4) -> 0.0416 | H82: =G82*10000 -> 416 | I82: 416
A83: 500501 | B83: 白无常 | C83: =VLOOKUP(B83,[2]英雄技能!$D:$E,2,0) -> #N/A | D83: 4 | E83: 0.00562 | F83: =IF(D83=2,E83/0.355,IF(D83=3,E83/0.5,IF(D83=4,E83/0.135,E83/0.01))) -> 0.04162963 | G83: =ROUND(F83,4) -> 0.0416 | H83: =G83*10000 -> 416 | I83: 416
A84: 500601 | B84: 蚩尤 | C84: =VLOOKUP(B84,[2]英雄技能!$D:$E,2,0) -> #N/A | D84: 5 | E84: 0.00026 | F84: =IF(D84=2,E84/0.355,IF(D84=3,E84/0.5,IF(D84=4,E84/0.135,E84/0.01))) -> 0.026 | G84: =ROUND(F84,4) -> 0.026 | H84: =G84*10000 -> 260 | I84: =IF(OR(H84=140,H84=690,H84=340),H84+10,H84) -> 260
A85: 500701 | B85: 孟婆 | C85: =VLOOKUP(B85,[2]英雄技能!$D:$E,2,0) -> #N/A | D85: 5 | E85: 4e-05 | F85: =IF(D85=2,E85/0.355,IF(D85=3,E85/0.5,IF(D85=4,E85/0.135,E85/0.01))) -> 0.004 | G85: =ROUND(F85,4) -> 0.004 | H85: =G85*10000 -> 40 | I85: =IF(OR(H85=140,H85=690,H85=340),H85+10,H85) -> 40
A86: 500801 | B86: 刑天 | C86: =VLOOKUP(B86,[2]英雄技能!$D:$E,2,0) -> #N/A | D86: 5 | E86: 4e-05 | F86: =IF(D86=2,E86/0.355,IF(D86=3,E86/0.5,IF(D86=4,E86/0.135,E86/0.01))) -> 0.004 | G86: =ROUND(F86,4) -> 0.004 | H86: =G86*10000 -> 40 | I86: =IF(OR(H86=140,H86=690,H86=340),H86+10,H86) -> 40
A87: 500901 | B87: 魔·悟空 | C87: 哈迪斯 | D87: 5 | E87: 4e-05 | F87: =IF(D87=2,E87/0.355,IF(D87=3,E87/0.5,IF(D87=4,E87/0.135,E87/0.01))) -> 0.004 | G87: =ROUND(F87,4) -> 0.004 | H87: =G87*10000 -> 40 | I87: =IF(OR(H87=140,H87=690,H87=340),H87+10,H87) -> 40
A88: 501001 | B88: 黄泉 | C88: =VLOOKUP(B88,[2]英雄技能!$D:$E,2,0) -> #N/A | D88: 5 | E88: 0.00034 | F88: =IF(D88=2,E88/0.355,IF(D88=3,E88/0.5,IF(D88=4,E88/0.135,E88/0.01))) -> 0.034 | G88: =ROUND(F88,4) -> 0.034 | H88: =G88*10000 -> 340 | I88: =IF(OR(H88=140,H88=690,H88=340),H88+10,H88) -> 350
A89: 501101 | B89: 阎君 | C89: =VLOOKUP(B89,[2]英雄技能!$D:$E,2,0) -> #N/A | D89: 5 | E89: 0.00034 | F89: =IF(D89=2,E89/0.355,IF(D89=3,E89/0.5,IF(D89=4,E89/0.135,E89/0.01))) -> 0.034 | G89: =ROUND(F89,4) -> 0.034 | H89: =G89*10000 -> 340 | I89: =IF(OR(H89=140,H89=690,H89=340),H89+10,H89) -> 350
A90: 501201 | B90: 东皇太一 | C90: =VLOOKUP(B90,[2]英雄技能!$D:$E,2,0) -> #N/A | D90: 5 | E90: 0.00026 | F90: =IF(D90=2,E90/0.355,IF(D90=3,E90/0.5,IF(D90=4,E90/0.135,E90/0.01))) -> 0.026 | G90: =ROUND(F90,4) -> 0.026 | H90: =G90*10000 -> 260 | I90: =IF(OR(H90=140,H90=690,H90=340),H90+10,H90) -> 260
E92: =SUM(E2:E90) -> 0.97629 | I92: =SUM(I2:I90) -> 40000

Sheet Sheet(高级召唤概率)
A1: 英雄ID | B1: 名字 | C1: 闪烁之光角色 | D1: 星级 | E1: 概率 | F1: 子包概率 | G1: 取后四位 | H1: 万分比计算 | I1: 修正
A2: 100401 | B2: 金吾卫 | C2: =VLOOKUP(B2,[2]英雄技能!$D:$E,2,0) -> #N/A | D2: 3 | E2: 0.047 | F2: =IF(D2=3,E2/0.8,IF(D2=4,E2/0.15,E2/0.05)) -> 0.05875 | G2: =ROUND(F2,4) -> 0.0588 | H2: =G2*10000 -> 588 | I2: 1500
A3: 100501 | B3: 殿前禁卫 | C3: =VLOOKUP(B3,[2]英雄技能!$D:$E,2,0) -> #N/A | D3: 3 | E3: 0.047 | F3: =IF(D3=3,E3/0.8,IF(D3=4,E3/0.15,E3/0.05)) -> 0.05875 | G3: =ROUND(F3,4) -> 0.0588 | H3: =G3*10000 -> 588 | I3: 1500
A4: 100601 | B4: 虎豹骑 | C4: =VLOOKUP(B4,[2]英雄技能!$D:$E,2,0) -> #N/A | D4: 3 | E4: 0.047 | F4: =IF(D4=3,E4/0.8,IF(D4=4,E4/0.15,E4/0.05)) -> 0.05875 | G4: =ROUND(F4,4) -> 0.0588 | H4: =G4*10000 -> 588 | I4: 1500
A5: 100701 | B5: 燕赤侠 | C5: =VLOOKUP(B5,[2]英雄技能!$D:$E,2,0) -> #N/A | D5: 3 | E5: 0.047 | F5: =IF(D5=3,E5/0.8,IF(D5=4,E5/0.15,E5/0.05)) -> 0.05875 | G5: =ROUND(F5,4) -> 0.0588 | H5: =G5*10000 -> 588 | I5: 1500
A6: 100801 | B6: 木吒 | C6: =VLOOKUP(B6,[2]英雄技能!$D:$E,2,0) -> #N/A | D6: 3 | E6: 0.047 | F6: =IF(D6=3,E6/0.8,IF(D6=4,E6/0.15,E6/0.05)) -> 0.05875 | G6: =ROUND(F6,4) -> 0.0588 | H6: =G6*10000 -> 588 | I6: 1500
A7: 100901 | B7: 纣王 | C7: =VLOOKUP(B7,[2]英雄技能!$D:$E,2,0) -> #N/A | D7: 4 | E7: 0.00667 | F7: =IF(D7=3,E7/0.8,IF(D7=4,E7/0.15,E7/0.05)) -> 0.044466667 | G7: =ROUND(F7,4) -> 0.0445 | H7: =G7*10000 -> 445 | I7: 188
A8: 101001 | B8: 金吒 | C8: =VLOOKUP(B8,[2]英雄技能!$D:$E,2,0) -> #N/A | D8: 4 | E8: 0.00667 | F8: =IF(D8=3,E8/0.8,IF(D8=4,E8/0.15,E8/0.05)) -> 0.044466667 | G8: =ROUND(F8,4) -> 0.0445 | H8: =G8*10000 -> 445 | I8: 188
A9: 101101 | B9: 闻仲 | C9: =VLOOKUP(B9,[2]英雄技能!$D:$E,2,0) -> #N/A | D9: 4 | E9: 0.00667 | F9: =IF(D9=3,E9/0.8,IF(D9=4,E9/0.15,E9/0.05)) -> 0.044466667 | G9: =ROUND(F9,4) -> 0.0445 | H9: =G9*10000 -> 445 | I9: 188
A10: 101201 | B10: 黄飞虎 | C10: =VLOOKUP(B10,[2]英雄技能!$D:$E,2,0) -> #N/A | D10: 4 | E10: 0.00667 | F10: =IF(D10=3,E10/0.8,IF(D10=4,E10/0.15,E10/0.05)) -> 0.044466667 | G10: =ROUND(F10,4) -> 0.0445 | H10: =G10*10000 -> 445 | I10: 188 | R10: 24000
A11: 101301 | B11: 姬发 | C11: =VLOOKUP(B11,[2]英雄技能!$D:$E,2,0) -> #N/A | D11: 4 | E11: 0.00667 | F11: =IF(D11=3,E11/0.8,IF(D11=4,E11/0.15,E11/0.05)) -> 0.044466667 | G11: =ROUND(F11,4) -> 0.0445 | H11: =G11*10000 -> 445 | I11: 188 | R11: =30000*0.15 -> 4500
A12: 101401 | B12: 杨戬 | C12: =VLOOKUP(B12,[2]英雄技能!$D:$E,2,0) -> #N/A | D12: 5 | E12: 0.00074 | F12: =IF(D12=3,E12/0.8,IF(D12=4,E12/0.15,E12/0.05)) -> 0.0148 | G12: =ROUND(F12,4) -> 0.0148 | H12: =G12*10000 -> 148 | I12: 30
A13: 101501 | B13: 邓婵玉 | C13: =VLOOKUP(B13,[2]英雄技能!$D:$E,2,0) -> #N/A | D13: 5 | E13: 0.0037 | F13: =IF(D13=3,E13/0.8,IF(D13=4,E13/0.15,E13/0.05)) -> 0.074 | G13: =ROUND(F13,4) -> 0.074 | H13: =G13*10000 -> 740 | I13: 100
A14: 101601 | B14: 嫦娥 | C14: =VLOOKUP(B14,[2]英雄技能!$D:$E,2,0) -> #N/A | D14: 5 | E14: 0.0003 | F14: =IF(D14=3,E14/0.8,IF(D14=4,E14/0.15,E14/0.05)) -> 0.006 | G14: =ROUND(F14,4) -> 0.006 | H14: =G14*10000 -> 60 | I14: 10
A15: 101701 | B15: 申空豹 | C15: =VLOOKUP(B15,[2]英雄技能!$D:$E,2,0) -> #N/A | D15: 5 | E15: 0.0003 | F15: =IF(D15=3,E15/0.8,IF(D15=4,E15/0.15,E15/0.05)) -> 0.006 | G15: =ROUND(F15,4) -> 0.006 | H15: =G15*10000 -> 60 | I15: 10
A16: 101801 | B16: 后羿 | C16: =VLOOKUP(B16,[2]英雄技能!$D:$E,2,0) -> #N/A | D16: 5 | E16: 0.00074 | F16: =IF(D16=3,E16/0.8,IF(D16=4,E16/0.15,E16/0.05)) -> 0.0148 | G16: =ROUND(F16,4) -> 0.0148 | H16: =G16*10000 -> 148 | I16: 30
A17: 101901 | B17: 李靖 | C17: =VLOOKUP(B17,[2]英雄技能!$D:$E,2,0) -> #N/A | D17: 5 | E17: 0.0003 | F17: =IF(D17=3,E17/0.8,IF(D17=4,E17/0.15,E17/0.05)) -> 0.006 | G17: =ROUND(F17,4) -> 0.006 | H17: =G17*10000 -> 60 | I17: 10
A18: 102001 | B18: 哪吒 | C18: =VLOOKUP(B18,[2]英雄技能!$D:$E,2,0) -> #N/A | D18: 5 | E18: 0.0003 | F18: =IF(D18=3,E18/0.8,IF(D18=4,E18/0.15,E18/0.05)) -> 0.006 | G18: =ROUND(F18,4) -> 0.006 | H18: =G18*10000 -> 60 | I18: 10
A19: 102101 | B19: 姜子牙 | C19: =VLOOKUP(B19,[2]英雄技能!$D:$E,2,0) -> #N/A | D19: 5 | E19: 0.00074 | F19: =IF(D19=3,E19/0.8,IF(D19=4,E19/0.15,E19/0.05)) -> 0.0148 | G19: =ROUND(F19,4) -> 0.0148 | H19: =G19*10000 -> 148 | I19: 30
A20: 102201 | B20: 雷震子 | C20: =VLOOKUP(B20,[2]英雄技能!$D:$E,2,0) -> #N/A | D20: 5 | E20: 0.0037 | F20: =IF(D20=3,E20/0.8,IF(D20=4,E20/0.15,E20/0.05)) -> 0.074 | G20: =ROUND(F20,4) -> 0.074 | H20: =G20*10000 -> 740 | I20: 100
A21: 200401 | B21: 金童 | C21: =VLOOKUP(B21,[2]英雄技能!$D:$E,2,0) -> #N/A | D21: 3 | E21: 0.047 | F21: =IF(D21=3,E21/0.8,IF(D21=4,E21/0.15,E21/0.05)) -> 0.05875 | G21: =ROUND(F21,4) -> 0.0588 | H21: =G21*10000 -> 588 | I21: 1500
A22: 200501 | B22: 玉女 | C22: =VLOOKUP(B22,[2]英雄技能!$D:$E,2,0) -> #N/A | D22: 3 | E22: 0.047 | F22: =IF(D22=3,E22/0.8,IF(D22=4,E22/0.15,E22/0.05)) -> 0.05875 | G22: =ROUND(F22,4) -> 0.0588 | H22: =G22*10000 -> 588 | I22: 1500
A23: 200601 | B23: 青宵 | C23: =VLOOKUP(B23,[2]英雄技能!$D:$E,2,0) -> #N/A | D23: 3 | E23: 0.047 | F23: =IF(D23=3,E23/0.8,IF(D23=4,E23/0.15,E23/0.05)) -> 0.05875 | G23: =ROUND(F23,4) -> 0.0588 | H23: =G23*10000 -> 588 | I23: 1500
... A25: 200801 | B25: 白龙 | C25: =VLOOKUP(B25,[2]英雄技能!$D:$E,2,0) -> #N/A | D25: 3 | E25: 0.047 | F25: =IF(D25=3,E25/0.8,IF(D25=4,E25/0.15,E25/0.05)) -> 0.05875 | G25: =ROUND(F25,4) -> 0.0588 | H25: =G25*10000 -> 588 | I25: 1500
A26: 200901 | B26: 太白金星 | C26: =VLOOKUP(B26,[2]英雄技能!$D:$E,2,0) -> #N/A | D26: 4 | E26: 0.00667 | F26: =IF(D26=3,E26/0.8,IF(D26=4,E26/0.15,E26/0.05)) -> 0.044466667 | G26: =ROUND(F26,4) -> 0.0445 | H26: =G26*10000 -> 445 | I26: 188 | R26: =30000*0.05 -> 1500
A27: 201001 | B27: 月老 | C27: =VLOOKUP(B27,[2]英雄技能!$D:$E,2,0) -> #N/A | D27: 4 | E27: 0.00667 | F27: =IF(D27=3,E27/0.8,IF(D27=4,E27/0.15,E27/0.05)) -> 0.044466667 | G27: =ROUND(F27,4) -> 0.0445 | H27: =G27*10000 -> 445 | I27: 188
A28: 201101 | B28: 织女 | C28: =VLOOKUP(B28,[2]英雄技能!$D:$E,2,0) -> #N/A | D28: 4 | E28: 0.00667 | F28: =IF(D28=3,E28/0.8,IF(D28=4,E28/0.15,E28/0.05)) -> 0.044466667 | G28: =ROUND(F28,4) -> 0.0445 | H28: =G28*10000 -> 445 | I28: 188
A29: 201201 | B29: 河伯 | C29: =VLOOKUP(B29,[2]英雄技能!$D:$E,2,0) -> #N/A | D29: 4 | E29: 0.00667 | F29: =IF(D29=3,E29/0.8,IF(D29=4,E29/0.15,E29/0.05)) -> 0.044466667 | G29: =ROUND(F29,4) -> 0.0445 | H29: =G29*10000 -> 445 | I29: 188
A30: 201301 | B30: 雨师 | C30: =VLOOKUP(B30,[2]英雄技能!$D:$E,2,0) -> #N/A | D30: 4 | E30: 0.00667 | F30: =IF(D30=3,E30/0.8,IF(D30=4,E30/0.15,E30/0.05)) -> 0.044466667 | G30: =ROUND(F30,4) -> 0.0445 | H30: =G30*10000 -> 445 | I30: 188
A31: 201401 | B31: 卷帘大将 | C31: =VLOOKUP(B31,[2]英雄技能!$D:$E,2,0) -> #N/A | D31: 5 | E31: 0.0037 | F31: =IF(D31=3,E31/0.8,IF(D31=4,E31/0.15,E31/0.05)) -> 0.074 | G31: =ROUND(F31,4) -> 0.074 | H31: =G31*10000 -> 740 | I31: 100
A32: 201501 | B32: 天蓬元帅 | C32: =VLOOKUP(B32,[2]英雄技能!$D:$E,2,0) -> #N/A | D32: 5 | E32: 0.0003 | F32: =IF(D32=3,E32/0.8,IF(D32=4,E32/0.15,E32/0.05)) -> 0.006 | G32: =ROUND(F32,4) -> 0.006 | H32: =G32*10000 -> 60 | I32: 10
A33: 201601 | B33: 南极仙翁 | C33: =VLOOKUP(B33,[2]英雄技能!$D:$E,2,0) -> #N/A | D33: 5 | E33: 0.00074 | F33: =IF(D33=3,E33/0.8,IF(D33=4,E33/0.15,E33/0.05)) -> 0.0148 | G33: =ROUND(F33,4) -> 0.0148 | H33: =G33*10000 -> 148 | I33: 30
A34: 201701 | B34: 财神 | C34: =VLOOKUP(B34,[2]英雄技能!$D:$E,2,0) -> #N/A | D34: 5 | E34: 0.0037 | F34: =IF(D34=3,E34/0.8,IF(D34=4,E34/0.15,E34/0.05)) -> 0.074 | G34: =ROUND(F34,4) -> 0.074 | H34: =G34*10000 -> 740 | I34: 100
A35: 201801 | B35: 斗战胜佛 | C35: =VLOOKUP(B35,[2]英雄技能!$D:$E,2,0) -> #N/A | D35: 5 | E35: 0.0003 | F35: =IF(D35=3,E35/0.8,IF(D35=4,E35/0.15,E35/0.05)) -> 0.006 | G35: =ROUND(F35,4) -> 0.006 | H35: =G35*10000 -> 60 | I35: 10
A36: 201901 | B36: 太乙真人 | C36: =VLOOKUP(B36,[2]英雄技能!$D:$E,2,0) -> #N/A | D36: 5 | E36: 0.0003 | F36: =IF(D36=3,E36/0.8,IF(D36=4,E36/0.15,E36/0.05)) -> 0.006 | G36: =ROUND(F36,4) -> 0.006 | H36: =G36*10000 -> 60 | I36: 10
A37: 202001 | B37: 太上老君 | C37: =VLOOKUP(B37,[2]英雄技能!$D:$E,2,0) -> #N/A | D37: 5 | E37: 0.00074 | F37: =IF(D37=3,E37/0.8,IF(D37=4,E37/0.15,E37/0.05)) -> 0.0148 | G37: =ROUND(F37,4) -> 0.0148 | H37: =G37*10000 -> 148 | I37: 30
A38: 202101 | B38: 元始天尊 | C38: =VLOOKUP(B38,[2]英雄技能!$D:$E,2,0) -> #N/A | D38: 5 | E38: 0.00074 | F38: =IF(D38=3,E38/0.8,IF(D38=4,E38/0.15,E38/0.05)) -> 0.0148 | G38: =ROUND(F38,4) -> 0.0148 | H38: =G38*10000 -> 148 | I38: 30
... A80: 500801 | B80: 刑天 | C80: =VLOOKUP(B80,[2]英雄技能!$D:$E,2,0) -> #N/A | D80: 5 | E80: 0.00018 | F80: =IF(D80=3,E80/0.8,IF(D80=4,E80/0.15,E80/0.05)) -> 0.0036 | G80: =ROUND(F80,4) -> 0.0036 | H80: =G80*10000 -> 36 | I80: 10
A81: 500901 | B81: 魔·悟空 | C81: 哈迪斯 | D81: 5 | E81: 0.00018 | F81: =IF(D81=3,E81/0.8,IF(D81=4,E81/0.15,E81/0.05)) -> 0.0036 | G81: =ROUND(F81,4) -> 0.0036 | H81: =G81*10000 -> 36 | I81: 10
A82: 501001 | B82: 黄泉 | C82: =VLOOKUP(B82,[2]英雄技能!$D:$E,2,0) -> #N/A | D82: 5 | E82: 0.00154 | F82: =IF(D82=3,E82/0.8,IF(D82=4,E82/0.15,E82/0.05)) -> 0.0308 | G82: =ROUND(F82,4) -> 0.0308 | H82: =G82*10000 -> 308 | I82: 40
A83: 501101 | B83: 阎君 | C83: =VLOOKUP(B83,[2]英雄技能!$D:$E,2,0) -> #N/A | D83: 5 | E83: 0.00154 | F83: =IF(D83=3,E83/0.8,IF(D83=4,E83/0.15,E83/0.05)) -> 0.0308 | G83: =ROUND(F83,4) -> 0.0308 | H83: =G83*10000 -> 308 | I83: 40
A84: 501201 | B84: 东皇太一 | C84: =VLOOKUP(B84,[2]英雄技能!$D:$E,2,0) -> #N/A | D84: 5 | E84: 0.00116 | F84: =IF(D84=3,E84/0.8,IF(D84=4,E84/0.15,E84/0.05)) -> 0.0232 | G84: =ROUND(F84,4) -> 0.0232 | H84: =G84*10000 -> 232 | I84: 30
E86: =SUM(E2:E84) -> 0.95876 | I86: =SUM(I2:I84) -> 30000

Sheet Sheet(积分召唤概率)
A1: 英雄ID | B1: 名字 | C1: 闪烁之光角色 | D1: 星级 | E1: 概率 | F1: 子包概率 | G1: 取后四位 | H1: 万分比计算 | I1: 修正
A2: 101401 | B2: 杨戬 | C2: =VLOOKUP(B2,[2]英雄技能!$D:$E,2,0) -> #N/A | D2: 5 | E2: 0.013 | F2: =E2 -> 0.013 | G2: =ROUND(F2,4) -> 0.013 | H2: =G2*10000 -> 130 | I2: 140
A3: 101501 | B3: 邓婵玉 | C3: =VLOOKUP(B3,[2]英雄技能!$D:$E,2,0) -> #N/A | D3: 5 | E3: 0.065 | F3: =E3 -> 0.065 | G3: =ROUND(F3,4) -> 0.065 | H3: =G3*10000 -> 650 | I3: 650
A4: 101601 | B4: 嫦娥 | C4: =VLOOKUP(B4,[2]英雄技能!$D:$E,2,0) -> #N/A | D4: 5 | E4: 0.005 | F4: =E4 -> 0.005 | G4: =ROUND(F4,4) -> 0.005 | H4: =G4*10000 -> 50 | I4: 50
A5: 101701 | B5: 申空豹 | C5: =VLOOKUP(B5,[2]英雄技能!$D:$E,2,0) -> #N/A | D5: 5 | E5: 0.005 | F5: =E5 -> 0.005 | G5: =ROUND(F5,4) -> 0.005 | H5: =G5*10000 -> 50 | I5: 50
A6: 101801 | B6: 后羿 | C6: =VLOOKUP(B6,[2]英雄技能!$D:$E,2,0) -> #N/A | D6: 5 | E6: 0.013 | F6: =E6 -> 0.013 | G6: =ROUND(F6,4) -> 0.013 | H6: =G6*10000 -> 130 | I6: 140
A7: 101901 | B7: 李靖 | C7: =VLOOKUP(B7,[2]英雄技能!$D:$E,2,0) -> #N/A | D7: 5 | E7: 0.005 | F7: =E7 -> 0.005 | G7: =ROUND(F7,4) -> 0.005 | H7: =G7*10000 -> 50 | I7: 50
A8: 102001 | B8: 哪吒 | C8: =VLOOKUP(B8,[2]英雄技能!$D:$E,2,0) -> #N/A | D8: 5 | E8: 0.005 | F8: =E8 -> 0.005 | G8: =ROUND(F8,4) -> 0.005 | H8: =G8*10000 -> 50 | I8: 50
A9: 102101 | B9: 姜子牙 | C9: =VLOOKUP(B9,[2]英雄技能!$D:$E,2,0) -> #N/A | D9: 5 | E9: 0.013 | F9: =E9 -> 0.013 | G9: =ROUND(F9,4) -> 0.013 | H9: =G9*10000 -> 130 | I9: 140
A10: 102201 | B10: 雷震子 | C10: =VLOOKUP(B10,[2]英雄技能!$D:$E,2,0) -> #N/A | D10: 5 | E10: 0.065 | F10: =E10 -> 0.065 | G10: =ROUND(F10,4) -> 0.065 | H10: =G10*10000 -> 650 | I10: 650
A11: 201401 | B11: 卷帘大将 | C11: =VLOOKUP(B11,[2]英雄技能!$D:$E,2,0) -> #N/A | D11: 5 | E11: 0.065 | F11: =E11 -> 0.065 | G11: =ROUND(F11,4) -> 0.065 | H11: =G11*10000 -> 650 | I11: 650
A12: 201501 | B12: 天蓬元帅 | C12: =VLOOKUP(B12,[2]英雄技能!$D:$E,2,0) -> #N/A | D12: 5 | E12: 0.005 | F12: =E12 -> 0.005 | G12: =ROUND(F12,4) -> 0.005 | H12: =G12*10000 -> 50 | I12: 50
A13: 201601 | B13: 南极仙翁 | C13: =VLOOKUP(B13,[2]英雄技能!$D:$E,2,0) -> #N/A | D13: 5 | E13: 0.013 | F13: =E13 -> 0.013 | G13: =ROUND(F13,4) -> 0.013 | H13: =G13*10000 -> 130 | I13: 140
... A40: 500801 | B40: 刑天 | C40: =VLOOKUP(B40,[2]英雄技能!$D:$E,2,0) -> #N/A | D40: 5 | E40: 0.00438 | F40: =E40 -> 0.00438 | G40: =ROUND(F40,4) -> 0.0044 | H40: =G40*10000 -> 44 | I40: 50
A41: 500901 | B41: 魔·悟空 | C41: 哈迪斯 | D41: 5 | E41: 0.00438 | F41: =E41 -> 0.00438 | G41: =ROUND(F41,4) -> 0.0044 | H41: =G41*10000 -> 44 | I41: 50
A42: 501001 | B42: 黄泉 | C42: =VLOOKUP(B42,[2]英雄技能!$D:$E,2,0) -> #N/A | D42: 5 | E42: 0.06374 | F42: =E42 -> 0.06374 | G42: =ROUND(F42,4) -> 0.0637 | H42: =G42*10000 -> 637 | I42: 650
A43: 501101 | B43: 阎君 | C43: =VLOOKUP(B43,[2]英雄技能!$D:$E,2,0) -> #N/A | D43: 5 | E43: 0.06374 | F43: =E43 -> 0.06374 | G43: =ROUND(F43,4) -> 0.0637 | H43: =G43*10000 -> 637 | I43: 650
A44: 501201 | B44: 东皇太一 | C44: =VLOOKUP(B44,[2]英雄技能!$D:$E,2,0) -> #N/A | D44: 5 | E44: 0.012 | F44: =E44 -> 0.012 | G44: =ROUND(F44,4) -> 0.012 | H44: =G44*10000 -> 120 | I44: 120
E46: =SUM(E2:E44) -> 0.98124 | I46: =SUM(I2:I44) -> 10000

Sheet Sheet1
